Time,px,py,pz,ox,oy,oz,ow,fx,fy,fz
43.610,-1.378,-1.184,2.202,0.539,-0.117,-0.180,0.805,-1.013,4.811,0.382
43.816,-1.546,1.577,1.527,0.469,-0.320,-0.461,0.672,1.042,3.797,0.630
43.922,-1.546,1.577,1.527,0.469,-0.320,-0.461,0.672,1.042,3.797,0.630
44.051,-1.615,2.708,1.251,0.391,-0.500,-0.602,0.469,2.428,3.189,0.826
44.152,-1.615,2.708,1.251,0.391,-0.500,-0.602,0.469,2.584,3.097,0.860
44.257,-1.638,3.091,1.157,0.352,-0.563,-0.625,0.391,3.206,2.577,1.069
44.359,-1.638,3.091,1.157,0.352,-0.563,-0.625,0.391,3.206,2.577,1.069
44.468,-1.638,3.091,1.157,0.352,-0.563,-0.625,0.391,3.206,2.577,1.069
44.623,-1.638,3.091,1.157,0.352,-0.563,-0.625,0.391,3.206,2.577,1.069
44.735,-1.638,3.091,1.157,0.352,-0.563,-0.625,0.391,3.739,2.384,0.997
44.867,-1.638,3.091,1.157,0.352,-0.563,-0.625,0.391,10.056,-1.649,-0.047
45.013,-1.638,3.091,1.157,0.352,-0.563,-0.625,0.391,8.624,-1.331,0.061
45.231,-1.638,3.091,1.157,0.352,-0.563,-0.625,0.391,2.442,1.125,0.055
45.335,-1.638,3.091,1.157,0.352,-0.563,-0.625,0.391,2.336,1.170,0.056
45.437,-1.638,3.091,1.157,0.352,-0.563,-0.625,0.391,1.787,1.399,0.054
45.538,-1.638,3.091,1.157,0.352,-0.563,-0.625,0.391,1.716,1.429,0.053
45.640,-1.638,3.091,1.157,0.352,-0.563,-0.625,0.391,1.716,1.429,0.053
45.744,-1.638,3.091,1.157,0.352,-0.563,-0.625,0.391,1.716,1.429,0.053
45.846,-1.638,3.091,1.157,0.352,-0.563,-0.625,0.391,1.716,1.429,0.053
45.947,-1.638,3.091,1.157,0.352,-0.563,-0.625,0.391,1.716,1.429,0.053
46.054,-1.638,3.091,1.157,0.352,-0.563,-0.625,0.391,1.716,1.429,0.053
46.155,-1.638,3.091,1.157,0.352,-0.563,-0.625,0.391,1.716,1.429,0.053
46.401,-1.638,3.091,1.157,0.352,-0.563,-0.625,0.391,1.716,1.429,0.053
46.512,-1.638,3.091,1.157,0.352,-0.563,-0.625,0.391,1.716,1.429,0.053
46.622,-1.638,3.091,1.157,0.352,-0.563,-0.625,0.391,1.716,1.429,0.053
46.725,-1.638,3.091,1.157,0.352,-0.563,-0.625,0.391,1.716,1.429,0.053
46.833,-1.638,3.091,1.157,0.352,-0.563,-0.625,0.391,1.716,1.429,0.053
46.935,-1.638,3.091,1.157,0.352,-0.563,-0.625,0.391,1.716,1.429,0.053
47.042,-1.638,3.091,1.157,0.352,-0.563,-0.625,0.391,1.716,1.429,0.053
47.143,-1.638,3.091,1.157,0.352,-0.563,-0.625,0.391,1.716,1.429,0.053
47.245,-1.638,3.091,1.157,0.352,-0.563,-0.625,0.391,1.716,1.429,0.053
47.347,-1.638,3.091,1.157,0.352,-0.563,-0.625,0.391,1.716,1.429,0.053
47.553,-1.638,3.091,1.157,0.352,-0.563,-0.625,0.391,1.716,1.429,0.053
47.654,-1.638,3.091,1.157,0.352,-0.563,-0.625,0.391,1.716,1.429,0.053
47.756,-1.638,3.091,1.157,0.352,-0.563,-0.625,0.391,1.716,1.429,0.053
47.859,-1.638,3.091,1.157,0.352,-0.563,-0.625,0.391,1.716,1.429,0.053
47.961,-1.638,3.091,1.157,0.352,-0.563,-0.625,0.391,1.716,1.429,0.053
48.062,-1.638,3.091,1.157,0.352,-0.563,-0.625,0.391,1.716,1.429,0.053
48.164,-1.638,3.091,1.157,0.352,-0.563,-0.625,0.391,1.716,1.429,0.053
48.267,-1.638,3.091,1.157,0.352,-0.563,-0.625,0.391,1.716,1.429,0.053
48.369,-1.638,3.091,1.157,0.352,-0.563,-0.625,0.391,1.716,1.429,0.053
48.471,-1.638,3.091,1.157,0.352,-0.563,-0.625,0.391,1.716,1.429,0.053
48.697,-1.638,3.091,1.157,0.352,-0.563,-0.625,0.391,1.716,1.429,0.053
48.799,-1.638,3.091,1.157,0.352,-0.563,-0.625,0.391,1.716,1.429,0.053
48.901,-1.638,3.091,1.157,0.352,-0.563,-0.625,0.391,1.716,1.429,0.053
49.002,-1.638,3.091,1.157,0.352,-0.563,-0.625,0.391,1.716,1.429,0.053
49.105,-1.638,3.091,1.157,0.352,-0.563,-0.625,0.391,1.716,1.429,0.053
49.207,-1.638,3.091,1.157,0.352,-0.563,-0.625,0.391,1.716,1.429,0.053
49.308,-1.638,3.091,1.157,0.352,-0.563,-0.625,0.391,1.716,1.429,0.053
49.410,-1.638,3.091,1.157,0.352,-0.563,-0.625,0.391,1.716,1.429,0.053
49.513,-1.638,3.091,1.157,0.352,-0.563,-0.625,0.391,1.716,1.429,0.053
49.615,-1.638,3.091,1.157,0.352,-0.563,-0.625,0.391,1.716,1.429,0.053
49.814,-1.638,3.091,1.157,0.352,-0.563,-0.625,0.391,1.716,1.429,0.053
49.916,-1.638,3.091,1.157,0.352,-0.563,-0.625,0.391,1.716,1.429,0.053
50.017,-1.638,3.091,1.157,0.352,-0.563,-0.625,0.391,1.716,1.429,0.053
50.120,-1.638,3.091,1.157,0.352,-0.563,-0.625,0.391,1.716,1.429,0.053
50.223,-1.638,3.091,1.157,0.352,-0.563,-0.625,0.391,1.716,1.429,0.053
50.329,-1.638,3.091,1.157,0.352,-0.563,-0.625,0.391,1.716,1.429,0.053
50.431,-1.638,3.091,1.157,0.352,-0.563,-0.625,0.391,1.716,1.429,0.053
50.533,-1.638,3.091,1.157,0.352,-0.563,-0.625,0.391,1.716,1.429,0.053
50.635,-1.638,3.091,1.157,0.352,-0.563,-0.625,0.391,1.716,1.429,0.053
50.736,-1.638,3.091,1.157,0.352,-0.563,-0.625,0.391,1.716,1.429,0.053
50.925,-1.638,3.091,1.157,0.352,-0.563,-0.625,0.391,1.716,1.429,0.053
51.027,-1.638,3.091,1.157,0.352,-0.563,-0.625,0.391,1.716,1.429,0.053
51.129,-1.638,3.091,1.157,0.352,-0.563,-0.625,0.391,1.716,1.429,0.053
51.231,-1.638,3.091,1.157,0.352,-0.563,-0.625,0.391,1.716,1.429,0.053
51.332,-1.638,3.091,1.157,0.352,-0.563,-0.625,0.391,1.716,1.429,0.053
51.435,-1.638,3.091,1.157,0.352,-0.563,-0.625,0.391,1.716,1.429,0.053
51.537,-1.638,3.091,1.157,0.352,-0.563,-0.625,0.391,1.716,1.429,0.053
51.639,-1.638,3.091,1.157,0.352,-0.563,-0.625,0.391,1.716,1.429,0.053
51.742,-1.638,3.091,1.157,0.352,-0.563,-0.625,0.391,1.716,1.429,0.053
51.843,-1.638,3.091,1.157,0.352,-0.563,-0.625,0.391,1.716,1.429,0.053
52.054,-1.638,3.091,1.157,0.352,-0.563,-0.625,0.391,1.716,1.429,0.053
52.155,-1.638,3.091,1.157,0.352,-0.563,-0.625,0.391,1.716,1.429,0.053
52.278,-1.638,3.091,1.157,0.352,-0.563,-0.625,0.391,1.716,1.429,0.053
52.380,-1.638,3.091,1.157,0.352,-0.563,-0.625,0.391,1.716,1.429,0.053
52.486,-1.638,3.091,1.157,0.352,-0.563,-0.625,0.391,1.716,1.429,0.053
52.598,-1.638,3.091,1.157,0.352,-0.563,-0.625,0.391,1.716,1.429,0.053
52.700,-1.638,3.091,1.157,0.352,-0.563,-0.625,0.391,1.716,1.429,0.053
52.802,-1.638,3.091,1.157,0.352,-0.563,-0.625,0.391,1.716,1.429,0.053
52.908,-1.638,3.091,1.157,0.352,-0.563,-0.625,0.391,1.716,1.429,0.053
53.185,-1.638,3.091,1.157,0.352,-0.563,-0.625,0.391,1.716,1.429,0.053
53.287,-1.638,3.091,1.157,0.352,-0.563,-0.625,0.391,1.716,1.429,0.053
53.407,-1.638,3.091,1.157,0.352,-0.563,-0.625,0.391,1.716,1.429,0.053
53.509,-1.638,3.091,1.157,0.352,-0.563,-0.625,0.391,1.716,1.429,0.053
53.611,-1.638,3.091,1.157,0.352,-0.563,-0.625,0.391,1.716,1.429,0.053
53.713,-1.638,3.091,1.157,0.352,-0.563,-0.625,0.391,1.716,1.429,0.053
53.815,-1.638,3.091,1.157,0.352,-0.563,-0.625,0.391,1.716,1.429,0.053
53.917,-1.638,3.091,1.157,0.352,-0.563,-0.625,0.391,1.716,1.429,0.053
54.020,-1.638,3.091,1.157,0.352,-0.563,-0.625,0.391,1.716,1.429,0.053
54.123,-1.638,3.091,1.157,0.352,-0.563,-0.625,0.391,1.716,1.429,0.053
54.316,-1.638,3.091,1.157,0.352,-0.563,-0.625,0.391,1.716,1.429,0.053
54.418,-1.638,3.091,1.157,0.352,-0.563,-0.625,0.391,1.716,1.429,0.053
54.519,-1.638,3.091,1.157,0.352,-0.563,-0.625,0.391,1.716,1.429,0.053
54.628,-1.638,3.091,1.157,0.352,-0.563,-0.625,0.391,1.716,1.429,0.053
54.729,-1.638,3.091,1.157,0.352,-0.563,-0.625,0.391,1.716,1.429,0.053
54.830,-1.638,3.091,1.157,0.352,-0.563,-0.625,0.391,1.716,1.429,0.053
54.941,-1.638,3.091,1.157,0.352,-0.563,-0.625,0.391,1.716,1.429,0.053
55.045,-1.638,3.091,1.157,0.352,-0.563,-0.625,0.391,1.716,1.429,0.053
55.162,-1.638,3.091,1.157,0.352,-0.563,-0.625,0.391,1.716,1.429,0.053
55.348,-1.638,3.091,1.157,0.352,-0.563,-0.625,0.391,1.716,1.429,0.053
55.450,-1.638,3.091,1.157,0.352,-0.563,-0.625,0.391,1.716,1.429,0.053
55.551,-1.638,3.091,1.157,0.352,-0.563,-0.625,0.391,1.716,1.429,0.053
55.653,-1.638,3.091,1.157,0.352,-0.563,-0.625,0.391,1.716,1.429,0.053
55.761,-1.638,3.091,1.157,0.352,-0.563,-0.625,0.391,1.716,1.429,0.053
55.869,-1.638,3.091,1.157,0.352,-0.563,-0.625,0.391,1.716,1.429,0.053
55.971,-1.638,3.091,1.157,0.352,-0.563,-0.625,0.391,1.716,1.429,0.053
56.082,-1.638,3.091,1.157,0.352,-0.563,-0.625,0.391,1.716,1.429,0.053
56.184,-1.638,3.091,1.157,0.352,-0.563,-0.625,0.391,1.716,1.429,0.053
56.288,-1.638,3.091,1.157,0.352,-0.563,-0.625,0.391,1.716,1.429,0.053
56.473,-1.638,3.091,1.157,0.352,-0.563,-0.625,0.391,1.716,1.429,0.053
56.574,-1.638,3.091,1.157,0.352,-0.563,-0.625,0.391,1.716,1.429,0.053
56.682,-1.638,3.091,1.157,0.352,-0.563,-0.625,0.391,1.716,1.429,0.053
56.790,-1.638,3.091,1.157,0.352,-0.563,-0.625,0.391,1.716,1.429,0.053
56.902,-1.638,3.091,1.157,0.352,-0.563,-0.625,0.391,1.716,1.429,0.053
57.013,-1.638,3.091,1.157,0.352,-0.563,-0.625,0.391,1.716,1.429,0.053
57.125,-1.638,3.091,1.157,0.352,-0.563,-0.625,0.391,1.716,1.429,0.053
57.236,-1.638,3.091,1.157,0.352,-0.563,-0.625,0.391,1.716,1.429,0.053
57.350,-1.638,3.091,1.157,0.352,-0.563,-0.625,0.391,1.716,1.429,0.053
57.454,-1.638,3.091,1.157,0.352,-0.563,-0.625,0.391,1.716,1.429,0.053
57.639,-1.638,3.091,1.157,0.352,-0.563,-0.625,0.391,1.716,1.429,0.053
57.742,-1.638,3.091,1.157,0.352,-0.563,-0.625,0.391,1.716,1.429,0.053
57.847,-1.638,3.091,1.157,0.352,-0.563,-0.625,0.391,1.716,1.429,0.053
57.949,-1.638,3.091,1.157,0.352,-0.563,-0.625,0.391,1.716,1.429,0.053
58.090,-1.638,3.091,1.157,0.352,-0.563,-0.625,0.391,1.716,1.429,0.053
58.192,-1.638,3.091,1.157,0.352,-0.563,-0.625,0.391,1.716,1.429,0.053
58.293,-1.638,3.091,1.157,0.352,-0.563,-0.625,0.391,1.716,1.429,0.053
58.397,-1.638,3.091,1.157,0.352,-0.563,-0.625,0.391,1.716,1.429,0.053
58.500,-1.638,3.091,1.157,0.352,-0.563,-0.625,0.391,1.716,1.429,0.053
58.703,-1.638,3.091,1.157,0.352,-0.563,-0.625,0.391,1.716,1.429,0.053
58.812,-1.638,3.091,1.157,0.352,-0.563,-0.625,0.391,1.716,1.429,0.053
58.914,-1.638,3.091,1.157,0.352,-0.563,-0.625,0.391,1.716,1.429,0.053
59.033,-1.638,3.091,1.157,0.352,-0.563,-0.625,0.391,1.716,1.429,0.053
59.154,-1.638,3.091,1.157,0.352,-0.563,-0.625,0.391,1.716,1.429,0.053
59.255,-1.638,3.091,1.157,0.352,-0.563,-0.625,0.391,1.716,1.429,0.053
59.357,-1.638,3.091,1.157,0.352,-0.563,-0.625,0.391,1.716,1.429,0.053
59.471,-1.638,3.091,1.157,0.352,-0.563,-0.625,0.391,1.716,1.429,0.053
59.592,-1.638,3.091,1.157,0.352,-0.563,-0.625,0.391,1.716,1.429,0.053
59.812,-1.638,3.091,1.157,0.352,-0.563,-0.625,0.391,1.716,1.429,0.053
59.913,-1.638,3.091,1.157,0.352,-0.563,-0.625,0.391,1.716,1.429,0.053
60.023,-1.638,3.091,1.157,0.352,-0.563,-0.625,0.391,1.716,1.429,0.053
60.125,-1.638,3.091,1.157,0.352,-0.563,-0.625,0.391,1.716,1.429,0.053
60.228,-1.638,3.091,1.157,0.352,-0.563,-0.625,0.391,1.716,1.429,0.053
60.334,-1.638,3.091,1.157,0.352,-0.563,-0.625,0.391,1.716,1.429,0.053
60.435,-1.638,3.091,1.157,0.352,-0.563,-0.625,0.391,1.716,1.429,0.053
60.536,-1.638,3.091,1.157,0.352,-0.563,-0.625,0.391,1.716,1.429,0.053
60.637,-1.638,3.091,1.157,0.352,-0.563,-0.625,0.391,1.716,1.429,0.053
60.739,-1.638,3.091,1.157,0.352,-0.563,-0.625,0.391,1.716,1.429,0.053
60.923,-1.638,3.091,1.157,0.352,-0.563,-0.625,0.391,1.716,1.429,0.053
61.042,-1.638,3.091,1.157,0.352,-0.563,-0.625,0.391,1.716,1.429,0.053
61.146,-1.638,3.091,1.157,0.352,-0.563,-0.625,0.391,1.716,1.429,0.053
61.253,-1.638,3.091,1.157,0.352,-0.563,-0.625,0.391,1.716,1.429,0.053
61.375,-1.638,3.091,1.157,0.352,-0.563,-0.625,0.391,1.716,1.429,0.053
61.479,-1.638,3.091,1.157,0.352,-0.563,-0.625,0.391,1.716,1.429,0.053
61.582,-1.638,3.091,1.157,0.352,-0.563,-0.625,0.391,1.716,1.429,0.053
61.685,-1.638,3.091,1.157,0.352,-0.563,-0.625,0.391,1.716,1.429,0.053
61.787,-1.638,3.091,1.157,0.352,-0.563,-0.625,0.391,1.716,1.429,0.053
61.889,-1.638,3.091,1.157,0.352,-0.563,-0.625,0.391,1.716,1.429,0.053
62.071,-1.638,3.091,1.157,0.352,-0.563,-0.625,0.391,1.716,1.429,0.053
62.172,-1.638,3.091,1.157,0.352,-0.563,-0.625,0.391,1.716,1.429,0.053
62.273,-1.638,3.091,1.157,0.352,-0.563,-0.625,0.391,1.716,1.429,0.053
62.374,-1.638,3.091,1.157,0.352,-0.563,-0.625,0.391,1.716,1.429,0.053
62.482,-1.638,3.091,1.157,0.352,-0.563,-0.625,0.391,1.716,1.429,0.053
62.584,-1.638,3.091,1.157,0.352,-0.563,-0.625,0.391,1.716,1.429,0.053
62.686,-1.638,3.091,1.157,0.352,-0.563,-0.625,0.391,1.716,1.429,0.053
62.791,-1.638,3.091,1.157,0.352,-0.563,-0.625,0.391,1.716,1.429,0.053
62.892,-1.638,3.091,1.157,0.352,-0.563,-0.625,0.391,1.716,1.429,0.053
62.998,-1.638,3.091,1.157,0.352,-0.563,-0.625,0.391,1.716,1.429,0.053
63.099,-1.638,3.091,1.157,0.352,-0.563,-0.625,0.391,1.716,1.429,0.053
63.200,-1.638,3.091,1.157,0.352,-0.563,-0.625,0.391,1.716,1.429,0.053
63.301,-1.638,3.091,1.157,0.352,-0.563,-0.625,0.391,1.716,1.429,0.053
63.403,-1.638,3.091,1.157,0.352,-0.563,-0.625,0.391,1.716,1.429,0.053
63.504,-0.907,3.828,2.347,0.586,0.117,0.148,0.773,-1.412,5.020,1.986
63.605,-0.907,3.828,2.347,0.586,0.117,0.148,0.773,-1.325,4.943,2.034
63.706,-0.901,3.817,2.351,0.602,0.102,0.125,0.773,-1.267,4.888,2.065
63.817,-0.901,3.817,2.351,0.602,0.102,0.125,0.773,-1.203,4.837,2.096
63.918,-0.886,3.804,2.355,0.609,0.086,0.102,0.773,-1.152,4.856,2.120
64.020,-0.868,3.787,2.360,0.625,0.078,0.070,0.766,-1.078,4.830,2.146
64.121,-0.850,3.765,2.365,0.633,0.055,0.047,0.766,-1.020,4.822,2.178
64.284,-0.827,3.735,2.361,0.609,0.070,0.047,0.781,-1.022,4.816,2.090
64.386,-0.827,3.735,2.361,0.609,0.070,0.047,0.781,-1.001,4.833,2.065
64.487,-0.827,3.735,2.361,0.609,0.070,0.047,0.781,-0.997,4.847,2.059
64.596,-0.809,3.698,2.344,0.602,0.055,0.039,0.789,-0.984,4.814,1.986
64.709,-0.801,3.693,2.345,0.547,0.047,0.055,0.828,-0.990,4.811,1.860
64.811,-0.801,3.693,2.345,0.547,0.047,0.055,0.828,-0.988,4.808,1.829
64.913,-0.801,3.693,2.345,0.547,0.047,0.055,0.828,-0.992,4.803,1.833
65.015,-0.801,3.693,2.345,0.547,0.047,0.055,0.828,-0.994,4.800,1.869
65.117,-0.801,3.693,2.345,0.547,0.047,0.055,0.828,-1.030,4.807,1.877
65.220,-0.817,3.704,2.341,0.555,0.070,0.086,0.820,-1.094,4.826,1.880
65.416,-0.817,3.704,2.341,0.555,0.070,0.086,0.820,-1.106,4.860,1.896
65.539,-0.817,3.704,2.341,0.555,0.070,0.086,0.820,-1.070,4.832,1.926
65.641,-0.817,3.704,2.341,0.555,0.070,0.086,0.820,-1.053,4.834,1.934
65.743,-0.860,3.693,2.349,0.570,0.063,0.070,0.813,-1.089,4.827,1.939
65.846,-0.860,3.693,2.349,0.570,0.063,0.070,0.813,-1.071,4.827,1.920
65.947,-0.860,3.693,2.349,0.570,0.063,0.070,0.813,-1.058,4.828,1.903
66.049,-0.860,3.693,2.349,0.570,0.063,0.070,0.813,-1.052,4.829,1.898
66.151,-0.860,3.693,2.349,0.570,0.063,0.070,0.813,-1.036,4.827,1.891
66.252,-0.863,3.683,2.338,0.555,0.047,0.055,0.820,-1.020,4.815,1.873
66.491,-0.859,3.686,2.332,0.547,0.023,0.031,0.828,-0.960,4.807,1.842
66.598,-0.853,3.690,2.331,0.539,0.008,0.000,0.836,-0.887,4.798,1.835
66.704,-0.848,3.695,2.329,0.531,0.000,-0.016,0.836,-0.770,4.822,1.785
66.805,-0.842,3.703,2.326,0.523,-0.016,-0.047,0.844,-0.718,4.803,1.768
66.913,-0.835,3.713,2.323,0.508,-0.031,-0.070,0.852,-0.618,4.789,1.730
67.015,-0.829,3.723,2.321,0.500,-0.047,-0.102,0.852,-0.564,4.763,1.731
67.117,-0.829,3.723,2.321,0.500,-0.047,-0.102,0.852,-0.548,4.746,1.732
67.219,-0.829,3.723,2.321,0.500,-0.047,-0.102,0.852,-0.561,4.748,1.738
67.320,-0.829,3.723,2.321,0.500,-0.047,-0.102,0.852,-0.592,4.766,1.717
67.421,-0.829,3.723,2.321,0.500,-0.047,-0.102,0.852,-0.626,4.796,1.700
67.613,-0.827,3.694,2.325,0.492,-0.023,-0.039,0.859,-0.740,4.824,1.667
67.714,-0.831,3.674,2.324,0.492,-0.008,-0.008,0.867,-0.839,4.802,1.645
67.817,-0.839,3.639,2.318,0.469,0.016,0.047,0.875,-0.953,4.808,1.534
67.924,-0.843,3.620,2.313,0.453,0.023,0.070,0.883,-1.069,4.838,1.387
68.027,-0.847,3.595,2.309,0.438,0.039,0.094,0.891,-1.164,4.853,1.237
68.130,-0.858,3.538,2.298,0.391,0.063,0.125,0.906,-1.267,4.835,1.039
68.232,-0.866,3.508,2.290,0.367,0.063,0.148,0.914,-1.363,4.829,0.818
68.334,-0.866,3.508,2.290,0.367,0.063,0.148,0.914,-1.434,4.829,0.669
68.436,-0.886,3.458,2.276,0.320,0.086,0.195,0.914,-1.563,4.763,0.494
68.538,-0.886,3.458,2.276,0.320,0.086,0.195,0.914,-1.662,4.738,0.369
68.741,-0.906,3.424,2.267,0.297,0.109,0.250,0.906,-1.546,4.276,0.863
68.843,-0.906,3.424,2.267,0.297,0.109,0.250,0.906,-1.575,4.270,0.863
68.944,-0.906,3.424,2.267,0.297,0.109,0.250,0.906,-1.586,4.292,0.863
69.045,-0.906,3.424,2.267,0.297,0.109,0.250,0.906,-1.555,4.319,0.863
69.146,-0.906,3.424,2.267,0.297,0.109,0.250,0.906,-1.540,4.361,0.861
69.247,-0.914,3.443,2.272,0.320,0.102,0.242,0.906,-1.712,4.702,0.523
69.348,-0.909,3.457,2.276,0.344,0.094,0.219,0.898,-1.585,4.751,0.736
69.450,-0.904,3.476,2.282,0.406,0.078,0.172,0.891,-1.449,4.846,1.060
69.551,-0.902,3.491,2.297,0.469,0.070,0.148,0.859,-1.416,4.997,1.397
69.653,-0.900,3.504,2.316,0.531,0.078,0.141,0.828,-1.355,4.958,1.704
69.754,-0.894,3.514,2.336,0.586,0.078,0.109,0.789,-1.296,4.911,1.906
69.910,-0.893,3.522,2.345,0.609,0.078,0.102,0.773,-1.260,4.878,2.027
70.031,-0.893,3.522,2.345,0.609,0.078,0.102,0.773,-1.280,4.885,2.060
70.132,-0.893,3.522,2.345,0.609,0.078,0.102,0.773,-1.341,4.929,2.056
70.255,-0.901,3.556,2.349,0.625,0.102,0.109,0.758,-1.436,4.979,2.029
70.362,-0.920,3.589,2.346,0.609,0.133,0.109,0.766,-1.463,4.978,1.992
70.464,-0.934,3.620,2.339,0.594,0.125,0.086,0.781,-1.305,4.911,1.970
70.566,-0.929,3.651,2.331,0.586,0.063,0.008,0.797,-1.057,4.818,1.970
70.668,-0.924,3.669,2.326,0.594,0.008,-0.023,0.797,-0.882,4.796,1.995
70.771,-0.919,3.677,2.323,0.594,-0.016,-0.047,0.797,-0.746,4.808,1.980
70.962,-0.911,3.688,2.319,0.594,-0.039,-0.063,0.797,-0.665,4.798,1.964
71.066,-0.890,3.708,2.312,0.586,-0.063,-0.086,0.797,-0.631,4.790,1.958
71.167,-0.836,3.752,2.302,0.570,-0.023,-0.086,0.813,-0.671,4.819,1.912
71.269,-0.836,3.752,2.302,0.570,-0.023,-0.086,0.813,-0.713,4.815,1.900
71.385,-0.825,3.722,2.300,0.563,0.000,-0.086,0.820,-0.740,4.833,1.873
71.487,-0.823,3.693,2.310,0.578,0.000,-0.055,0.813,-0.764,4.835,1.930
71.595,-0.819,3.665,2.319,0.594,0.008,-0.031,0.797,-0.836,4.805,2.006
71.697,-0.814,3.632,2.327,0.609,0.047,0.016,0.789,-0.987,4.817,2.005
71.798,-0.816,3.608,2.327,0.578,0.086,0.063,0.805,-1.169,4.838,1.883
71.901,-0.825,3.585,2.323,0.547,0.117,0.117,0.813,-1.438,5.018,1.635
72.117,-0.852,3.501,2.308,0.453,0.156,0.258,0.828,-1.931,4.892,1.197
72.218,-0.868,3.451,2.303,0.414,0.203,0.359,0.805,-2.289,4.536,1.061
72.320,-0.885,3.389,2.296,0.344,0.258,0.477,0.758,-2.587,4.036,0.868
72.423,-0.894,3.336,2.289,0.289,0.289,0.563,0.711,-2.887,3.477,0.544
72.524,-0.898,3.284,2.281,0.250,0.313,0.633,0.656,-3.067,3.045,0.279
72.626,-0.899,3.245,2.275,0.219,0.320,0.680,0.609,-2.923,2.642,0.281
72.728,-0.898,3.206,2.269,0.195,0.336,0.727,0.555,-2.783,2.333,0.282
72.831,-0.894,3.175,2.267,0.164,0.352,0.766,0.500,-2.666,2.118,0.287
72.935,-0.894,3.173,2.267,-0.164,-0.352,-0.766,-0.492,-2.764,1.913,0.051
73.036,-0.895,3.159,2.266,-0.156,-0.344,-0.789,-0.469,-2.677,1.891,0.053
73.250,-1.951,2.416,1.900,-0.156,-0.328,-0.789,-0.477,-3.008,1.728,0.547
73.360,-2.041,2.353,1.869,-0.156,-0.328,-0.789,-0.484,-3.008,1.728,0.547
73.485,-2.673,1.934,1.661,0.242,0.297,0.719,0.570,-3.251,1.816,1.090
73.587,-2.671,1.965,1.673,0.328,0.258,0.617,0.656,-2.944,2.018,1.438
73.689,-2.656,2.007,1.687,0.406,0.180,0.469,0.758,-4.118,2.988,0.394
73.806,-2.631,2.044,1.696,0.453,0.094,0.289,0.828,-2.661,2.096,1.656
73.907,-2.609,2.072,1.699,0.469,0.023,0.133,0.867,-2.686,2.425,1.457
74.027,-2.600,2.094,1.701,0.461,-0.016,0.023,0.883,-2.509,4.120,0.321
74.128,-2.602,2.114,1.702,0.469,-0.039,-0.031,0.875,-2.200,4.357,0.199
74.369,-2.618,2.177,1.757,0.469,-0.094,-0.203,0.844,-1.632,4.154,0.352
74.477,-2.596,2.182,1.803,0.445,-0.141,-0.313,0.820,-0.911,4.157,0.042
74.594,-2.570,2.170,1.852,0.414,-0.188,-0.406,0.781,-0.539,3.564,0.031
74.703,-2.544,2.133,1.925,0.375,-0.227,-0.492,0.742,-0.321,3.161,0.050
74.806,-2.540,2.114,1.946,0.359,-0.250,-0.516,0.727,-0.240,2.795,0.036
74.912,-2.542,2.089,1.966,0.336,-0.258,-0.539,0.719,-0.236,2.542,0.038
75.025,-1.583,2.277,1.844,0.313,-0.281,-0.570,0.695,0.559,2.602,0.050
75.126,-0.495,2.517,1.688,0.305,-0.281,-0.570,0.695,1.446,2.768,0.050
75.227,-0.235,2.574,1.651,0.305,-0.281,-0.570,0.695,1.610,2.835,0.046
75.336,-0.265,2.555,1.671,0.305,-0.273,-0.547,0.719,1.577,2.913,0.049
75.437,-0.280,2.556,1.685,0.328,-0.258,-0.523,0.734,1.595,3.212,0.042
75.538,-0.320,2.579,1.708,0.383,-0.195,-0.398,0.797,1.180,3.680,0.261
75.640,-0.352,2.602,1.719,0.438,-0.117,-0.258,0.844,0.210,3.618,0.910
75.747,-0.395,2.625,1.736,0.492,0.023,-0.023,0.859,-0.504,4.047,0.926
75.848,-0.422,2.635,1.747,0.500,0.141,0.164,0.828,-1.543,4.770,0.558
75.968,-0.428,2.641,1.752,0.492,0.227,0.313,0.766,-1.956,3.976,0.879
76.070,-0.421,2.646,1.755,0.469,0.281,0.422,0.711,-2.719,3.828,0.678
76.171,-0.408,2.649,1.754,0.445,0.320,0.516,0.648,-3.247,3.343,0.532
76.273,-0.391,2.650,1.754,0.406,0.367,0.602,0.570,-3.128,2.616,0.610
76.376,-0.371,2.652,1.753,-0.359,-0.406,-0.664,-0.492,-3.213,2.006,0.520
76.576,-0.360,2.655,1.753,-0.352,-0.422,-0.680,-0.469,-2.686,2.048,0.728
76.689,-0.346,2.688,1.746,0.344,0.391,0.656,0.531,-3.042,2.261,0.283
76.800,-0.354,2.698,1.736,0.320,0.344,0.656,0.578,-2.700,2.513,0.053
76.902,-0.362,2.703,1.730,0.305,0.320,0.656,0.602,-2.455,2.622,0.051
77.023,-1.255,2.665,1.693,0.297,0.289,0.656,0.625,-2.907,2.649,0.279
77.124,-2.249,2.618,1.656,0.289,0.281,0.656,0.625,-2.659,2.622,1.214
77.225,-2.465,2.608,1.648,0.289,0.273,0.656,0.625,-2.641,2.608,1.488
77.344,-2.465,2.608,1.648,0.289,0.273,0.656,0.625,-2.642,2.609,1.494
77.445,-2.490,2.611,1.653,0.320,0.289,0.641,0.625,-2.668,2.616,1.511
77.554,-2.490,2.611,1.653,0.320,0.289,0.641,0.625,-2.671,2.615,1.511
77.743,-2.476,2.637,1.644,0.305,0.211,0.539,0.750,-2.676,2.716,1.420
77.845,-2.461,2.665,1.632,0.297,0.109,0.367,0.867,-2.673,2.883,1.241
77.946,-2.437,2.691,1.618,0.297,0.008,0.164,0.938,-2.724,3.668,0.151
78.055,-2.413,2.703,1.614,0.281,-0.055,0.000,0.953,-2.159,3.743,0.044
78.156,-2.383,2.707,1.612,0.266,-0.125,-0.156,0.938,-1.712,3.573,0.045
78.265,-2.360,2.701,1.610,0.242,-0.188,-0.281,0.906,-1.431,3.341,0.046
78.376,-2.347,2.700,1.609,0.219,-0.203,-0.352,0.883,-1.320,3.185,0.046
78.478,-2.041,2.863,1.620,0.219,-0.211,-0.367,0.875,-1.008,3.304,0.049
78.579,-1.491,3.158,1.639,0.211,-0.211,-0.367,0.875,-0.451,3.588,0.049
78.794,-1.367,3.224,1.644,0.211,-0.211,-0.367,0.875,-0.382,3.710,0.048
78.905,-1.348,3.238,1.647,0.227,-0.188,-0.313,0.898,-0.435,3.895,0.047
79.006,-1.376,3.246,1.656,0.281,-0.117,-0.172,0.930,-0.719,4.213,0.050
79.109,-1.405,3.247,1.660,0.305,-0.055,-0.047,0.945,-1.178,4.408,0.046
79.210,-1.443,3.239,1.666,0.313,0.031,0.117,0.938,-1.739,4.449,0.044
79.312,-1.457,3.234,1.668,0.313,0.070,0.195,0.922,-1.878,4.037,0.521
79.413,-1.480,3.218,1.669,0.297,0.133,0.336,0.875,-2.439,4.091,0.044
79.519,-1.499,3.179,1.666,0.242,0.227,0.578,0.742,-2.801,3.394,0.043
79.621,-1.494,3.162,1.663,0.211,0.250,0.664,0.664,-2.648,3.031,0.215
79.731,-1.484,3.146,1.654,0.164,0.266,0.734,0.586,-2.584,2.700,0.049
79.933,-1.460,3.135,1.635,-0.109,-0.250,-0.820,-0.492,-2.278,2.561,0.046
80.034,-1.454,3.139,1.642,-0.133,-0.266,-0.820,-0.477,-2.433,2.518,0.045
80.141,-1.451,3.144,1.658,-0.188,-0.313,-0.797,-0.469,-2.632,2.520,0.273
80.244,-1.448,3.149,1.675,-0.242,-0.352,-0.773,-0.461,-3.129,2.403,0.281
80.345,-1.445,3.153,1.690,-0.289,-0.391,-0.742,-0.445,-3.126,2.466,0.648
80.452,-1.444,3.154,1.705,-0.328,-0.430,-0.719,-0.430,-2.642,2.682,1.150
80.554,-1.445,3.154,1.713,-0.344,-0.453,-0.695,-0.414,-2.664,2.677,1.295
80.655,-1.447,3.153,1.721,-0.367,-0.469,-0.680,-0.406,-2.665,2.676,1.394
80.757,-1.451,3.151,1.729,-0.383,-0.492,-0.664,-0.391,-2.669,2.681,1.457
80.859,-1.451,3.151,1.729,-0.383,-0.492,-0.664,-0.391,-2.670,2.682,1.461
81.050,-1.451,3.151,1.729,-0.383,-0.492,-0.664,-0.391,-2.672,2.687,1.510
81.152,-1.451,3.151,1.729,-0.383,-0.492,-0.664,-0.391,-2.675,2.699,1.518
81.254,-1.451,3.151,1.729,-0.383,-0.492,-0.664,-0.391,-2.677,2.709,1.516
81.355,-1.447,3.128,1.744,-0.406,-0.500,-0.641,-0.398,-2.676,2.718,1.533
81.457,-1.447,3.083,1.740,-0.414,-0.492,-0.633,-0.422,-2.676,2.735,1.525
81.558,-1.453,3.036,1.733,-0.414,-0.484,-0.625,-0.445,-2.666,2.763,1.481
81.685,-1.474,2.940,1.724,-0.414,-0.453,-0.602,-0.492,-2.678,2.761,1.443
81.786,-1.492,2.890,1.726,0.430,0.453,0.594,0.500,-2.669,2.755,1.460
81.887,-1.507,2.845,1.731,0.422,0.438,0.594,0.508,-2.663,2.727,1.437
81.989,-1.507,2.845,1.731,0.422,0.438,0.594,0.508,-2.671,2.718,1.422
82.214,-1.492,2.834,1.729,-0.414,-0.461,-0.617,-0.469,-2.671,2.597,1.467
82.315,-1.492,2.834,1.729,-0.414,-0.461,-0.617,-0.469,-2.681,2.584,1.511
82.417,-1.478,2.868,1.732,-0.430,-0.477,-0.617,-0.445,-2.666,2.615,1.576
82.519,-1.471,2.889,1.738,-0.453,-0.484,-0.602,-0.430,-2.673,2.642,1.623
82.621,-1.471,2.889,1.738,-0.453,-0.484,-0.602,-0.430,-2.674,2.653,1.648
82.724,-1.471,2.889,1.738,-0.453,-0.484,-0.602,-0.430,-2.678,2.652,1.669
82.826,-1.446,2.849,1.744,-0.461,-0.500,-0.586,-0.422,-2.658,2.622,1.671
82.927,-1.443,2.803,1.741,-0.461,-0.492,-0.586,-0.430,-2.657,2.573,1.653
83.029,-1.443,2.803,1.741,-0.461,-0.492,-0.586,-0.430,-2.659,2.548,1.649
83.131,-1.443,2.803,1.741,-0.461,-0.492,-0.586,-0.430,-2.659,2.496,1.636
83.319,-1.447,2.768,1.741,-0.398,-0.523,-0.641,-0.375,-2.681,2.185,1.545
83.422,-1.445,2.779,1.737,-0.359,-0.531,-0.680,-0.336,-3.075,1.741,1.388
83.523,-1.438,2.798,1.735,-0.289,-0.547,-0.734,-0.258,-2.794,1.571,1.312
83.625,-1.432,2.811,1.733,-0.242,-0.555,-0.758,-0.211,-2.674,1.171,1.181
83.757,-1.421,2.832,1.727,-0.172,-0.563,-0.789,-0.133,-3.125,-0.912,0.395
83.860,-1.413,2.847,1.723,-0.133,-0.563,-0.805,-0.086,-2.446,-0.687,0.396
83.962,-1.405,2.861,1.717,-0.078,-0.547,-0.828,-0.031,-1.836,-0.084,0.394
84.065,-1.402,2.872,1.707,-0.039,-0.516,-0.852,0.000,-1.576,0.393,0.387
84.168,-1.410,2.878,1.701,-0.031,-0.492,-0.867,-0.008,-1.626,0.464,0.260
84.270,-1.420,2.880,1.700,-0.047,-0.484,-0.867,-0.039,-1.868,0.598,0.279
84.456,-1.444,2.882,1.701,-0.086,-0.477,-0.867,-0.086,-2.109,0.746,0.332
84.569,-1.444,2.882,1.701,-0.086,-0.477,-0.867,-0.086,-2.125,0.757,0.327
84.680,-1.444,2.882,1.701,-0.086,-0.477,-0.867,-0.086,-2.126,0.750,0.293
84.791,-1.444,2.882,1.701,-0.086,-0.477,-0.867,-0.086,-2.115,0.749,0.264
84.892,-1.444,2.882,1.701,-0.086,-0.477,-0.867,-0.086,-2.092,0.737,0.221
84.993,-1.444,2.882,1.701,-0.086,-0.477,-0.867,-0.086,-2.023,0.702,0.290
85.095,-1.458,2.869,1.702,-0.063,-0.500,-0.852,-0.078,-1.977,0.613,0.382
85.199,-1.485,2.739,1.719,-0.063,-0.523,-0.836,-0.070,-2.042,0.113,0.389
85.300,-1.722,1.697,1.835,-0.063,-0.531,-0.836,-0.070,-2.391,-1.377,0.395
85.401,-1.976,0.577,1.960,-0.070,-0.523,-0.836,-0.070,-2.429,-1.368,1.002
85.568,-2.024,0.369,1.980,-0.078,-0.492,-0.852,-0.094,-2.552,-1.318,0.857
85.679,-2.025,0.372,1.969,-0.086,-0.438,-0.883,-0.125,-2.670,-1.238,0.572
85.781,-2.025,0.372,1.969,-0.086,-0.438,-0.883,-0.125,-2.685,-1.231,0.561
85.888,-2.037,0.385,1.971,-0.156,-0.422,-0.852,-0.234,-3.081,-1.027,0.716
85.990,-2.041,0.390,1.973,-0.172,-0.422,-0.844,-0.258,-3.244,-0.924,0.715
86.093,-2.046,0.396,1.973,-0.203,-0.406,-0.828,-0.313,-3.408,-0.791,0.663
86.198,-2.053,0.398,1.973,-0.227,-0.391,-0.805,-0.367,-3.572,-0.577,0.726
86.300,-2.060,0.399,1.979,-0.273,-0.383,-0.766,-0.422,-3.383,-0.148,1.078
86.402,-2.073,0.393,1.986,-0.336,-0.367,-0.703,-0.484,-2.879,0.223,1.528
86.504,-2.079,0.384,1.990,0.367,0.367,0.672,0.508,-2.827,0.319,1.648
86.665,-2.094,0.343,2.006,0.445,0.375,0.602,0.531,-2.804,0.367,1.795
86.766,-2.100,0.311,2.017,0.492,0.398,0.555,0.523,-2.806,0.366,1.894
86.868,-2.102,0.279,2.026,0.539,0.414,0.516,0.508,-2.806,0.363,1.982
86.970,-2.100,0.259,2.032,-0.570,-0.422,-0.484,-0.492,-2.805,0.377,2.064
87.074,-2.096,0.240,2.034,-0.594,-0.430,-0.461,-0.484,-2.803,0.386,2.120
87.175,-2.090,0.221,2.037,-0.617,-0.430,-0.445,-0.477,-2.814,0.387,2.163
87.276,-2.082,0.204,2.040,-0.641,-0.430,-0.422,-0.461,-2.801,0.381,2.234
87.378,-2.069,0.172,2.045,-0.680,-0.445,-0.383,-0.430,-2.738,0.347,2.283
87.479,-2.062,0.159,2.048,-0.695,-0.453,-0.367,-0.406,-2.834,0.365,2.394
87.580,-2.062,0.159,2.048,-0.695,-0.453,-0.367,-0.406,-2.843,0.366,2.449
87.765,-2.053,0.143,2.049,-0.711,-0.453,-0.352,-0.383,-2.857,0.346,2.501
87.867,-2.053,0.143,2.049,-0.711,-0.453,-0.352,-0.383,-2.861,0.344,2.504
87.969,-2.053,0.143,2.049,-0.711,-0.453,-0.352,-0.383,-2.859,0.348,2.507
88.071,-2.053,0.143,2.049,-0.711,-0.453,-0.352,-0.383,-2.849,0.359,2.515
88.173,-2.053,0.143,2.049,-0.711,-0.453,-0.352,-0.383,-2.839,0.369,2.519
88.277,-2.053,0.143,2.049,-0.711,-0.453,-0.352,-0.383,-2.835,0.368,2.520
88.379,-2.053,0.143,2.049,-0.711,-0.453,-0.352,-0.383,-2.834,0.365,2.516
88.481,-2.053,0.143,2.049,-0.711,-0.453,-0.352,-0.383,-2.827,0.363,2.498
88.584,-2.053,0.143,2.049,-0.711,-0.453,-0.352,-0.383,-2.825,0.361,2.471
88.685,-2.056,0.154,2.052,-0.703,-0.477,-0.328,-0.391,-2.827,0.360,2.454
88.886,-2.056,0.189,2.054,-0.680,-0.500,-0.336,-0.406,-2.811,0.370,2.420
88.987,-2.057,0.234,2.053,-0.656,-0.516,-0.328,-0.414,-2.798,0.398,2.398
89.088,-2.058,0.284,2.052,-0.641,-0.539,-0.336,-0.422,-2.791,0.422,2.389
89.189,-2.059,0.331,2.052,-0.625,-0.555,-0.336,-0.422,-2.773,0.442,2.382
89.291,-2.059,0.422,2.053,-0.609,-0.578,-0.344,-0.406,-2.707,0.489,2.352
89.394,-2.059,0.467,2.054,-0.594,-0.594,-0.352,-0.406,-2.716,0.498,2.362
89.496,-2.059,0.514,2.056,-0.570,-0.609,-0.352,-0.391,-2.725,0.504,2.377
89.598,-2.059,0.555,2.057,-0.555,-0.633,-0.359,-0.375,-2.702,0.496,2.384
89.700,-2.060,0.592,2.056,-0.539,-0.656,-0.367,-0.359,-2.702,0.483,2.406
89.803,-2.063,0.632,2.054,-0.516,-0.680,-0.375,-0.344,-2.711,0.501,2.420
89.995,-2.073,0.678,2.050,-0.500,-0.695,-0.375,-0.336,-2.911,0.508,2.536
90.098,-2.090,0.720,2.045,-0.500,-0.695,-0.359,-0.344,-2.897,0.569,2.507
90.200,-2.090,0.720,2.045,-0.500,-0.695,-0.359,-0.344,-2.873,0.576,2.488
90.302,-2.090,0.720,2.045,-0.500,-0.695,-0.359,-0.344,-2.864,0.571,2.484
90.410,-2.090,0.720,2.045,-0.500,-0.695,-0.359,-0.344,-2.866,0.560,2.491
90.512,-2.090,0.720,2.045,-0.500,-0.695,-0.359,-0.344,-2.864,0.558,2.487
90.614,-2.090,0.720,2.045,-0.500,-0.695,-0.359,-0.344,-2.858,0.564,2.472
90.716,-2.128,0.720,2.044,-0.516,-0.680,-0.383,-0.336,-2.824,0.589,2.421
90.827,-2.124,0.683,2.049,-0.539,-0.656,-0.391,-0.336,-2.781,0.568,2.396
90.929,-2.119,0.635,2.054,-0.563,-0.633,-0.406,-0.320,-2.696,0.536,2.352
91.093,-2.115,0.538,2.056,-0.594,-0.602,-0.422,-0.305,-2.814,0.439,2.409
91.202,-2.120,0.436,2.051,-0.617,-0.570,-0.422,-0.313,-2.837,0.368,2.411
91.305,-2.133,0.347,2.045,-0.648,-0.547,-0.406,-0.320,-2.852,0.329,2.413
91.413,-2.143,0.297,2.043,-0.656,-0.531,-0.398,-0.328,-2.853,0.339,2.404
91.523,-2.166,0.205,2.043,-0.688,-0.492,-0.375,-0.359,-2.857,0.317,2.391
91.624,-2.182,0.143,2.048,-0.719,-0.445,-0.352,-0.383,-2.840,0.356,2.394
91.726,-2.188,0.117,2.050,-0.734,-0.422,-0.336,-0.391,-2.830,0.372,2.408
91.834,-2.195,0.091,2.050,-0.758,-0.391,-0.320,-0.398,-2.820,0.396,2.421
91.937,-2.203,0.065,2.049,-0.773,-0.367,-0.305,-0.406,-2.815,0.408,2.438
92.044,-2.214,0.037,2.047,-0.789,-0.336,-0.297,-0.398,-2.822,0.390,2.446
92.249,-2.232,-0.004,2.041,-0.805,-0.320,-0.305,-0.391,-2.840,0.344,2.451
92.378,-2.232,-0.004,2.041,-0.805,-0.320,-0.305,-0.391,-2.853,0.320,2.446
92.486,-2.236,-0.009,2.037,-0.789,-0.344,-0.320,-0.375,-2.865,0.293,2.442
92.590,-2.236,-0.009,2.037,-0.789,-0.344,-0.320,-0.375,-2.870,0.273,2.441
92.710,-2.224,0.054,2.044,-0.766,-0.398,-0.320,-0.375,-2.862,0.301,2.447
92.812,-2.221,0.094,2.047,-0.750,-0.430,-0.328,-0.367,-2.859,0.298,2.438
92.914,-2.219,0.135,2.049,-0.727,-0.461,-0.328,-0.367,-2.855,0.289,2.423
93.022,-2.220,0.222,2.055,-0.695,-0.500,-0.359,-0.344,-2.855,0.313,2.417
93.124,-2.220,0.222,2.055,-0.695,-0.500,-0.359,-0.344,-2.855,0.306,2.415
93.350,-2.236,0.389,2.066,-0.617,-0.594,-0.406,-0.305,-2.853,0.312,2.399
93.467,-2.243,0.430,2.066,-0.594,-0.617,-0.406,-0.297,-2.845,0.314,2.398
93.578,-2.252,0.470,2.066,-0.570,-0.633,-0.414,-0.289,-2.841,0.330,2.390
93.680,-2.252,0.470,2.066,-0.570,-0.633,-0.414,-0.289,-2.827,0.329,2.370
93.781,-2.268,0.509,2.062,-0.547,-0.641,-0.430,-0.313,-2.713,0.402,2.280
93.883,-2.275,0.511,2.060,-0.539,-0.625,-0.445,-0.328,-2.746,0.405,2.253
93.996,-2.279,0.507,2.057,-0.531,-0.602,-0.469,-0.344,-2.795,0.394,2.199
94.098,-2.284,0.491,2.050,-0.500,-0.570,-0.516,-0.383,-2.797,0.383,2.121
94.207,-2.285,0.464,2.041,-0.469,-0.531,-0.555,-0.422,-2.817,0.358,2.042
94.433,-2.274,0.373,2.022,0.430,0.445,0.594,0.500,-2.836,0.327,1.874
94.552,-2.269,0.286,1.994,0.398,0.375,0.594,0.578,-2.842,0.293,1.753
94.654,-2.270,0.257,1.980,0.383,0.352,0.594,0.602,-2.845,0.303,1.661
94.756,-2.282,0.203,1.953,0.367,0.305,0.586,0.648,-2.843,0.287,1.579
94.874,-2.312,0.149,1.918,0.359,0.258,0.570,0.680,-2.868,0.288,1.481
94.975,-2.339,0.119,1.886,0.367,0.227,0.563,0.695,-2.859,0.303,1.447
95.082,-2.362,0.097,1.853,0.375,0.203,0.563,0.703,-2.822,0.306,1.441
95.184,-2.384,0.078,1.813,0.375,0.188,0.555,0.711,-2.824,0.308,1.408
95.288,-2.422,0.054,1.725,0.398,0.164,0.539,0.711,-2.839,0.298,1.349
95.398,-2.437,0.048,1.681,0.414,0.156,0.523,0.719,-2.834,0.305,1.332
95.582,-2.442,0.042,1.647,0.438,0.141,0.516,0.711,-2.825,0.323,1.321
95.685,-2.442,0.042,1.647,0.438,0.141,0.516,0.711,-2.828,0.334,1.327
95.794,-2.425,0.040,1.677,0.453,0.148,0.484,0.719,-2.818,0.353,1.375
95.915,-2.384,0.038,1.756,0.484,0.156,0.430,0.734,-2.788,0.395,1.475
96.026,-2.345,0.041,1.818,0.516,0.164,0.375,0.742,-2.762,0.479,1.565
96.132,-2.308,0.048,1.868,0.539,0.164,0.305,0.758,-2.886,0.821,1.525
96.236,-2.252,0.071,1.930,0.570,0.141,0.203,0.773,-2.768,1.018,1.607
96.342,-2.230,0.081,1.955,0.594,0.148,0.172,0.766,-2.737,1.078,1.705
96.444,-2.204,0.095,1.979,0.609,0.164,0.148,0.758,-2.691,1.165,1.735
96.669,-2.118,0.168,1.998,0.570,0.063,-0.023,0.813,-2.229,4.388,0.371
96.781,-2.076,0.209,1.990,0.516,-0.031,-0.133,0.836,-1.286,4.034,0.046
96.896,-2.045,0.240,1.985,0.484,-0.102,-0.211,0.836,-0.548,3.287,0.049
97.006,-2.031,0.255,1.984,0.477,-0.125,-0.234,0.828,-0.214,2.944,0.052
97.128,-2.000,0.290,1.981,0.461,-0.164,-0.289,0.820,0.091,2.677,0.052
97.245,-1.973,0.317,1.977,0.438,-0.203,-0.336,0.797,0.367,2.416,0.051
97.352,-1.961,0.328,1.974,0.430,-0.219,-0.359,0.797,0.478,2.006,0.051
97.453,-1.942,0.345,1.970,0.391,-0.250,-0.406,0.773,0.576,1.724,0.050
97.554,-1.938,0.353,1.968,0.375,-0.266,-0.430,0.766,0.572,1.403,0.047
97.798,-1.943,0.361,1.962,0.328,-0.305,-0.508,0.727,0.606,0.767,0.053
97.900,-1.960,0.356,1.964,0.305,-0.328,-0.555,0.695,0.647,0.516,0.056
98.001,-1.971,0.352,1.965,0.297,-0.344,-0.578,0.672,0.693,0.283,0.058
98.106,-1.994,0.339,1.966,0.266,-0.367,-0.617,0.633,-0.948,0.193,1.227
98.208,-2.003,0.332,1.967,0.258,-0.383,-0.633,0.609,-0.933,0.059,1.207
98.313,-2.020,0.315,1.969,0.227,-0.406,-0.672,0.563,0.259,-0.613,0.390
98.414,-2.034,0.302,1.975,0.219,-0.445,-0.695,0.508,0.489,-1.113,0.394
98.524,-2.049,0.293,1.984,0.211,-0.492,-0.703,0.453,0.194,-1.293,0.866
98.626,-2.066,0.288,1.996,0.211,-0.547,-0.695,0.398,-0.809,-0.763,1.520
98.750,-2.082,0.287,2.006,0.219,-0.586,-0.688,0.352,-0.681,-1.037,1.702
98.972,-2.097,0.292,2.018,0.234,-0.633,-0.664,0.305,-0.639,-1.189,1.968
99.074,-2.105,0.297,2.024,0.242,-0.648,-0.648,0.281,-0.593,-1.226,2.010
99.175,-2.105,0.297,2.024,0.242,-0.648,-0.648,0.281,-0.584,-1.213,2.006
99.285,-2.105,0.297,2.024,0.242,-0.648,-0.648,0.281,-0.708,-1.040,1.902
99.387,-2.105,0.297,2.020,0.250,-0.625,-0.664,0.305,-0.696,-0.995,1.823
99.490,-2.096,0.290,2.017,0.258,-0.609,-0.664,0.328,-0.578,-0.976,1.801
99.592,-2.092,0.288,2.020,0.281,-0.609,-0.648,0.336,-0.163,-1.069,1.840
99.700,-2.089,0.285,2.023,0.305,-0.602,-0.633,0.352,2.788,-2.625,1.767
99.803,-2.084,0.281,2.029,0.359,-0.602,-0.602,0.375,3.029,-2.192,2.029
99.904,-2.083,0.279,2.033,0.391,-0.594,-0.578,0.383,1.103,-0.994,2.241
100.122,-2.086,0.275,2.041,0.438,-0.594,-0.539,0.383,11.583,-3.580,4.162
100.224,-2.090,0.270,2.048,0.492,-0.594,-0.492,0.375,-0.890,0.009,2.351
100.326,-2.096,0.270,2.055,0.539,-0.602,-0.445,0.359,-0.945,0.108,2.523
100.427,-2.107,0.269,2.061,-0.602,0.602,0.391,-0.328,-0.939,0.184,2.693
100.528,-2.113,0.267,2.063,-0.625,0.594,0.367,-0.320,-0.899,0.234,2.849
100.629,-2.119,0.266,2.064,-0.648,0.594,0.352,-0.305,-0.880,0.257,2.958
100.733,-2.119,0.266,2.064,-0.648,0.594,0.352,-0.305,-0.887,0.247,2.991
100.836,-2.126,0.266,2.065,-0.656,0.609,0.328,-0.289,-0.898,0.240,3.022
100.937,-2.126,0.266,2.065,-0.656,0.609,0.328,-0.289,-0.905,0.228,3.047
101.046,-2.126,0.266,2.065,-0.656,0.609,0.328,-0.289,-0.890,0.239,3.091
101.232,-2.126,0.266,2.065,-0.656,0.609,0.328,-0.289,-0.857,0.255,3.146
101.333,-2.126,0.266,2.065,-0.656,0.609,0.328,-0.289,-0.865,0.249,3.162
101.435,-2.125,0.281,2.064,-0.656,0.625,0.297,-0.273,-0.865,0.263,3.173
101.537,-2.125,0.281,2.064,-0.656,0.625,0.297,-0.273,-0.865,0.261,3.180
101.640,-2.125,0.281,2.064,-0.656,0.625,0.297,-0.273,-0.867,0.257,3.184
101.746,-2.125,0.281,2.064,-0.656,0.625,0.297,-0.273,-0.876,0.249,3.199
101.849,-2.125,0.281,2.064,-0.656,0.625,0.297,-0.273,-0.871,0.250,3.213
101.952,-2.125,0.281,2.064,-0.656,0.625,0.297,-0.273,-0.864,0.255,3.228
102.054,-2.125,0.281,2.064,-0.656,0.625,0.297,-0.273,-0.795,0.278,3.289
102.156,-2.125,0.281,2.064,-0.656,0.625,0.297,-0.273,0.342,0.382,4.302
102.308,-2.139,0.296,2.064,-0.680,0.602,0.281,-0.289,0.551,0.625,4.416
102.410,-2.139,0.300,2.064,-0.688,0.586,0.266,-0.313,0.643,0.903,4.506
102.511,-2.140,0.305,2.065,-0.719,0.547,0.234,-0.344,0.663,1.180,4.537
102.614,-2.140,0.305,2.065,-0.719,0.547,0.234,-0.344,0.647,1.417,4.526
102.715,-2.140,0.307,2.064,-0.734,0.523,0.227,-0.359,0.638,1.584,4.507
102.818,-2.140,0.310,2.064,-0.742,0.500,0.211,-0.375,0.671,1.808,4.531
102.920,-2.138,0.313,2.063,-0.750,0.477,0.203,-0.391,0.687,2.078,4.535
103.021,-2.135,0.318,2.062,-0.758,0.453,0.188,-0.406,0.761,2.489,4.530
103.124,-2.132,0.323,2.062,-0.766,0.430,0.180,-0.430,0.807,2.867,4.445
103.227,-2.123,0.336,2.059,-0.758,0.391,0.156,-0.484,0.799,3.412,4.249
103.430,-2.118,0.351,2.056,0.773,-0.320,-0.109,0.531,-0.797,2.468,3.136
103.532,-2.116,0.355,2.056,0.781,-0.289,-0.102,0.539,-0.909,2.547,3.104
103.648,-2.113,0.357,2.056,0.789,-0.258,-0.094,0.539,-0.934,2.577,3.110
103.749,-2.113,0.357,2.056,0.789,-0.258,-0.094,0.539,-0.933,2.573,3.108
103.851,-2.113,0.357,2.056,0.789,-0.258,-0.094,0.539,-0.931,2.570,3.105
103.953,-2.113,0.357,2.056,0.789,-0.258,-0.094,0.539,-0.905,2.593,3.080
104.054,-2.089,0.356,2.054,0.781,-0.242,-0.117,0.555,-0.797,2.562,2.900
104.155,-2.073,0.365,2.046,0.727,-0.234,-0.172,0.609,0.509,4.187,2.882
104.258,-2.060,0.371,2.032,0.641,-0.227,-0.219,0.688,0.792,4.029,1.579
104.359,-2.047,0.377,2.016,0.547,-0.211,-0.281,0.750,1.084,3.771,0.481
104.550,-2.026,0.380,1.995,0.445,-0.211,-0.375,0.773,0.412,2.117,0.054
104.652,-2.014,0.381,1.983,0.383,-0.219,-0.422,0.781,0.207,1.750,0.051
104.754,-2.008,0.382,1.977,0.359,-0.227,-0.438,0.781,0.083,1.512,0.052
104.856,-1.577,0.610,1.909,0.344,-0.234,-0.461,0.773,0.396,1.527,0.050
104.958,-0.541,1.160,1.748,0.328,-0.242,-0.477,0.766,1.272,1.874,0.047
105.060,0.071,1.485,1.653,0.313,-0.250,-0.508,0.750,1.798,2.027,0.048
105.162,0.080,1.485,1.651,0.305,-0.266,-0.531,0.742,1.796,1.816,0.047
105.264,0.088,1.475,1.646,0.273,-0.273,-0.578,0.703,1.720,1.511,0.047
105.366,0.101,1.449,1.639,0.203,-0.313,-0.680,0.625,1.620,1.061,0.049
105.468,0.106,1.435,1.634,0.164,-0.328,-0.719,0.578,1.486,0.774,0.051
105.647,0.115,1.416,1.630,0.117,-0.359,-0.766,0.500,1.361,0.429,0.053
105.750,0.115,1.416,1.630,0.117,-0.359,-0.766,0.500,1.360,0.320,0.053
105.853,0.117,1.411,1.632,0.109,-0.375,-0.781,0.477,1.429,0.240,0.051
105.956,0.113,1.411,1.639,0.125,-0.398,-0.773,0.461,1.525,0.155,0.054
106.057,0.113,1.411,1.639,0.125,-0.398,-0.773,0.461,1.669,0.062,0.050
106.160,0.428,1.139,1.646,0.156,-0.430,-0.758,0.461,2.166,-0.250,0.056
106.262,1.227,0.454,1.650,0.164,-0.430,-0.750,0.469,2.996,-0.859,0.055
106.365,1.698,0.049,1.653,0.172,-0.430,-0.742,0.469,3.607,-1.275,0.054
106.467,1.698,0.049,1.653,0.172,-0.430,-0.742,0.469,3.657,-1.229,0.054
106.568,1.698,0.049,1.653,0.172,-0.430,-0.742,0.469,3.701,-1.149,0.053
106.725,1.721,0.038,1.652,0.211,-0.391,-0.703,0.547,3.674,-0.730,0.054
106.827,1.721,0.052,1.648,0.234,-0.344,-0.656,0.617,3.560,-0.342,0.053
106.929,1.720,0.058,1.646,0.242,-0.328,-0.633,0.648,3.446,-0.109,0.053
107.032,1.717,0.064,1.643,0.242,-0.313,-0.617,0.672,3.342,-0.029,0.054
107.134,1.717,0.064,1.643,0.242,-0.313,-0.617,0.672,3.255,-0.090,0.059
107.236,1.710,0.071,1.636,0.219,-0.297,-0.617,0.688,3.191,-0.148,0.055
107.338,1.710,0.071,1.636,0.219,-0.297,-0.617,0.688,3.166,-0.173,0.058
107.440,1.884,0.047,1.634,0.203,-0.305,-0.625,0.680,3.343,-0.183,0.052
107.544,2.562,-0.056,1.644,0.211,-0.297,-0.617,0.688,4.078,-0.220,0.051
107.645,3.096,-0.138,1.652,0.227,-0.297,-0.602,0.695,4.689,-0.217,0.050
107.880,3.168,-0.142,1.669,0.320,-0.320,-0.547,0.695,5.628,0.216,0.042
107.992,3.161,-0.137,1.689,0.398,-0.344,-0.492,0.680,6.846,0.735,-0.055
108.095,3.154,-0.135,1.702,0.453,-0.359,-0.461,0.664,6.921,1.031,0.467
108.197,3.145,-0.131,1.711,0.500,-0.359,-0.406,0.664,6.196,1.121,0.936
108.302,3.136,-0.125,1.717,0.539,-0.336,-0.359,0.672,5.351,1.303,1.264
108.408,3.121,-0.115,1.719,0.586,-0.273,-0.281,0.703,5.000,1.718,1.309
108.537,3.111,-0.110,1.719,0.602,-0.227,-0.234,0.719,4.380,1.547,1.399
108.644,3.107,-0.108,1.718,0.609,-0.203,-0.203,0.727,4.181,1.626,1.380
108.747,3.103,-0.107,1.717,0.617,-0.164,-0.156,0.750,4.048,1.701,1.345
108.953,3.105,-0.111,1.721,0.633,-0.148,-0.141,0.734,3.894,1.777,1.513
109.056,3.113,-0.117,1.725,0.656,-0.141,-0.117,0.727,3.754,1.687,1.600
109.158,3.124,-0.122,1.728,0.680,-0.102,-0.070,0.719,3.553,1.815,1.630
109.259,3.128,-0.122,1.726,0.688,-0.031,0.016,0.719,3.215,2.608,1.588
109.361,3.127,-0.124,1.723,0.672,0.031,0.102,0.719,2.482,3.142,1.470
109.463,3.123,-0.128,1.720,0.656,0.102,0.195,0.711,1.208,3.706,1.239
109.564,3.112,-0.141,1.715,0.609,0.211,0.352,0.672,-2.007,4.231,0.554
109.666,3.106,-0.155,1.709,0.547,0.281,0.461,0.625,-2.660,2.249,0.187
109.768,3.104,-0.170,1.703,0.484,0.336,0.539,0.578,-1.687,0.674,0.214
109.870,3.104,-0.179,1.699,0.445,0.367,0.586,0.547,-0.700,-0.045,0.444
110.055,3.101,-0.195,1.698,-0.406,-0.414,-0.633,-0.492,-0.495,-0.718,0.513
110.158,3.100,-0.201,1.700,-0.398,-0.438,-0.648,-0.469,-0.027,-0.973,0.808
110.261,3.097,-0.217,1.707,-0.398,-0.484,-0.641,-0.422,-0.173,-1.226,1.019
110.366,3.093,-0.229,1.712,-0.398,-0.508,-0.633,-0.406,1.329,-0.836,1.426
110.467,3.093,-0.229,1.712,-0.398,-0.508,-0.633,-0.406,-0.170,-1.253,1.169
110.568,3.072,-0.240,1.708,0.398,0.445,0.609,0.500,-0.553,-0.687,0.636
110.684,3.052,-0.233,1.687,0.375,0.313,0.539,0.680,0.286,0.236,0.059
110.787,3.040,-0.236,1.678,0.367,0.258,0.508,0.727,0.951,0.520,0.053
110.888,3.032,-0.240,1.675,0.367,0.234,0.492,0.742,1.185,0.647,0.053
110.998,2.462,0.011,1.666,0.367,0.195,0.484,0.758,0.856,0.917,0.052
111.154,1.234,0.565,1.649,0.367,0.188,0.492,0.758,-0.370,1.478,0.053
111.255,1.188,0.586,1.648,0.367,0.188,0.492,0.758,-0.510,1.433,0.052
111.357,1.174,0.572,1.656,0.367,0.250,0.555,0.688,-0.885,1.179,0.055
111.459,1.177,0.553,1.668,0.344,0.375,0.633,0.570,-0.712,0.278,0.694
111.568,1.202,0.532,1.687,-0.289,-0.516,-0.703,-0.375,-2.047,-1.523,0.552
111.671,1.229,0.534,1.696,-0.258,-0.570,-0.719,-0.281,-0.308,-1.017,1.255
111.773,1.252,0.550,1.701,-0.242,-0.609,-0.711,-0.227,-0.241,-1.235,1.376
111.886,1.263,0.564,1.704,-0.242,-0.633,-0.703,-0.203,-0.122,-1.350,1.590
111.996,1.274,0.584,1.705,-0.234,-0.648,-0.688,-0.180,-0.020,-1.376,1.717
112.252,1.295,0.634,1.714,-0.227,-0.719,-0.641,-0.125,-0.497,-2.693,2.293
112.355,1.295,0.634,1.714,-0.227,-0.719,-0.641,-0.125,-0.407,-2.753,2.396
112.457,1.295,0.634,1.714,-0.227,-0.719,-0.641,-0.125,-0.405,-2.755,2.404
112.607,1.299,0.659,1.717,-0.250,-0.719,-0.625,-0.141,0.019,-1.255,2.123
112.718,1.290,0.667,1.717,-0.289,-0.703,-0.609,-0.195,-1.331,-2.239,2.384
112.830,1.286,0.671,1.717,-0.313,-0.695,-0.602,-0.219,-0.346,-0.925,2.125
112.940,1.286,0.671,1.717,-0.313,-0.695,-0.602,-0.219,-0.451,-0.954,2.121
113.062,1.281,0.673,1.715,-0.328,-0.672,-0.609,-0.234,-0.385,-0.866,2.004
113.173,1.278,0.668,1.711,-0.320,-0.656,-0.633,-0.234,-0.491,-0.983,1.870
113.373,1.278,0.658,1.703,-0.297,-0.617,-0.680,-0.234,-0.298,-0.996,1.466
113.484,1.280,0.645,1.693,-0.258,-0.586,-0.727,-0.219,-0.288,-1.202,1.249
113.595,1.282,0.639,1.689,-0.234,-0.578,-0.742,-0.211,-0.170,-1.267,1.121
113.713,1.285,0.630,1.685,-0.219,-0.563,-0.766,-0.195,-0.096,-1.318,1.005
113.814,1.285,0.623,1.680,-0.195,-0.547,-0.781,-0.180,-0.055,-1.448,0.870
113.916,1.285,0.623,1.680,-0.195,-0.547,-0.781,-0.180,0.186,-1.257,0.875
114.017,1.283,0.618,1.674,-0.172,-0.539,-0.797,-0.164,0.290,-1.179,0.868
114.128,1.281,0.615,1.669,-0.148,-0.523,-0.813,-0.156,0.433,-1.219,0.753
114.249,1.280,0.613,1.664,-0.125,-0.516,-0.828,-0.141,0.490,-1.251,0.694
114.372,1.280,0.613,1.664,-0.125,-0.516,-0.828,-0.141,0.468,-1.238,0.671
114.534,1.270,0.615,1.661,-0.133,-0.500,-0.828,-0.164,0.324,-1.161,0.639
114.636,1.265,0.616,1.661,-0.148,-0.492,-0.828,-0.195,0.131,-1.057,0.619
114.761,1.255,0.620,1.661,-0.195,-0.477,-0.813,-0.242,-0.122,-0.921,0.579
114.878,1.249,0.623,1.661,-0.211,-0.469,-0.805,-0.273,-0.297,-0.826,0.568
114.981,1.243,0.627,1.662,-0.234,-0.461,-0.797,-0.289,-0.413,-0.764,0.565
115.084,1.238,0.631,1.663,-0.250,-0.453,-0.789,-0.313,-0.498,-0.718,0.550
115.196,1.238,0.631,1.663,-0.250,-0.453,-0.789,-0.313,-0.565,-0.683,0.517
115.298,1.234,0.636,1.663,-0.266,-0.445,-0.773,-0.344,-0.630,-0.647,0.504
115.405,1.234,0.636,1.663,-0.266,-0.445,-0.773,-0.344,-0.712,-0.605,0.490
115.616,1.232,0.642,1.664,-0.281,-0.430,-0.766,-0.367,-0.960,-0.558,0.390
115.719,1.232,0.642,1.664,-0.281,-0.430,-0.766,-0.367,-0.973,-0.552,0.390
115.821,1.232,0.642,1.664,-0.281,-0.430,-0.766,-0.367,-0.947,-0.548,0.390
115.922,1.232,0.642,1.664,-0.281,-0.430,-0.766,-0.367,-0.895,-0.531,0.391
116.023,1.232,0.642,1.664,-0.281,-0.430,-0.766,-0.367,-0.832,-0.496,0.392
116.126,1.232,0.642,1.664,-0.281,-0.430,-0.766,-0.367,-0.797,-0.472,0.392
116.227,1.232,0.642,1.664,-0.281,-0.430,-0.766,-0.367,-0.794,-0.471,0.392
116.329,1.232,0.642,1.664,-0.281,-0.430,-0.766,-0.367,-0.787,-0.471,0.392
116.431,1.232,0.642,1.664,-0.281,-0.430,-0.766,-0.367,-0.766,-0.476,0.393
116.533,1.232,0.642,1.664,-0.281,-0.430,-0.766,-0.367,-0.736,-0.508,0.393
116.793,1.250,0.635,1.659,-0.242,-0.430,-0.797,-0.328,-0.445,-0.746,0.406
116.899,1.255,0.629,1.659,-0.203,-0.453,-0.813,-0.281,-0.091,-0.937,0.526
117.002,1.261,0.622,1.661,-0.164,-0.484,-0.820,-0.234,0.189,-1.088,0.621
117.103,1.267,0.616,1.662,-0.133,-0.508,-0.820,-0.188,0.366,-1.184,0.691
117.205,1.270,0.615,1.665,-0.117,-0.523,-0.820,-0.164,0.467,-1.242,0.802
117.311,1.274,0.614,1.670,-0.109,-0.555,-0.805,-0.141,0.421,-1.558,0.867
117.413,1.280,0.616,1.681,-0.109,-0.602,-0.773,-0.117,0.046,-2.854,0.810
117.515,1.285,0.621,1.691,-0.117,-0.656,-0.734,-0.094,0.211,-2.706,1.369
117.633,1.289,0.623,1.696,-0.125,-0.680,-0.711,-0.086,0.259,-2.733,1.695
117.735,1.294,0.626,1.702,-0.133,-0.695,-0.695,-0.070,0.240,-2.777,1.894
117.933,1.303,0.635,1.710,-0.164,-0.727,-0.656,-0.070,0.460,-1.694,2.023
118.035,1.304,0.640,1.713,-0.188,-0.734,-0.633,-0.086,-0.165,-2.857,2.406
118.138,1.306,0.646,1.717,-0.211,-0.750,-0.609,-0.094,0.262,-1.553,2.346
118.239,1.309,0.652,1.721,-0.227,-0.766,-0.586,-0.094,0.292,-1.389,2.459
118.340,1.315,0.658,1.724,-0.242,-0.781,-0.563,-0.094,0.287,-1.341,2.562
118.441,1.315,0.658,1.724,-0.242,-0.781,-0.563,-0.094,-0.524,-2.746,3.344
118.543,1.320,0.666,1.727,-0.266,-0.789,-0.531,-0.094,-0.633,-2.711,3.483
118.645,1.321,0.668,1.727,-0.289,-0.781,-0.531,-0.109,-0.849,-2.574,3.471
118.747,1.318,0.669,1.727,-0.313,-0.773,-0.523,-0.133,-2.389,-4.122,4.418
118.849,1.318,0.669,1.727,-0.313,-0.773,-0.523,-0.133,-2.632,-3.992,4.513
119.041,1.316,0.674,1.727,-0.336,-0.766,-0.516,-0.148,-1.490,-2.221,3.536
119.143,1.314,0.678,1.726,-0.359,-0.758,-0.508,-0.172,-3.153,-3.703,4.544
119.250,1.314,0.680,1.727,-0.383,-0.742,-0.500,-0.188,-1.721,-1.916,3.506
119.352,1.313,0.679,1.727,-0.406,-0.727,-0.500,-0.203,-1.687,-1.643,3.419
119.453,1.313,0.679,1.727,-0.406,-0.727,-0.500,-0.203,-1.576,-1.356,3.342
119.555,1.314,0.676,1.729,-0.430,-0.719,-0.484,-0.219,-1.605,-1.290,3.389
119.656,1.314,0.676,1.729,-0.430,-0.719,-0.484,-0.219,-1.601,-1.255,3.434
119.759,1.314,0.676,1.729,-0.430,-0.719,-0.484,-0.219,-1.541,-1.249,3.464
119.861,1.314,0.676,1.729,-0.430,-0.719,-0.484,-0.219,-1.515,-1.196,3.537
119.963,1.315,0.675,1.732,-0.445,-0.727,-0.461,-0.211,-1.482,-1.060,3.668
120.132,1.320,0.678,1.734,-0.461,-0.734,-0.430,-0.211,-1.390,-1.134,3.770
120.234,1.324,0.677,1.734,-0.445,-0.750,-0.438,-0.195,-1.638,-1.552,4.088
120.337,1.329,0.671,1.733,-0.391,-0.773,-0.461,-0.148,-1.459,-2.179,4.092
120.440,1.330,0.661,1.729,-0.352,-0.766,-0.516,-0.117,-2.169,-4.239,4.434
120.541,1.330,0.646,1.721,-0.289,-0.742,-0.586,-0.070,0.242,-1.526,2.347
120.642,1.334,0.629,1.709,-0.234,-0.703,-0.656,-0.023,0.173,-2.760,1.971
120.743,1.339,0.613,1.695,-0.164,-0.656,-0.727,0.008,0.799,-1.788,1.410
120.845,1.344,0.599,1.679,-0.117,-0.594,-0.789,0.031,1.138,-0.885,1.219
120.947,1.351,0.588,1.661,-0.047,-0.531,-0.836,0.055,1.357,-0.848,0.965
121.048,1.361,0.578,1.651,0.000,-0.500,-0.852,0.086,1.632,-1.250,0.564
121.231,1.392,0.566,1.634,0.063,-0.445,-0.867,0.188,2.136,-1.165,0.244
121.332,1.413,0.565,1.626,0.102,-0.422,-0.859,0.234,2.298,-1.000,0.237
121.434,1.413,0.565,1.626,0.102,-0.422,-0.859,0.234,2.341,-0.894,0.204
121.536,1.426,0.565,1.618,0.109,-0.398,-0.867,0.258,2.421,-0.948,0.061
121.637,1.426,0.565,1.618,0.109,-0.398,-0.867,0.258,2.392,-0.957,0.063
121.738,1.426,0.565,1.618,0.109,-0.398,-0.867,0.258,2.275,-0.864,0.201
121.839,1.464,0.530,1.624,0.094,-0.414,-0.867,0.242,2.272,-0.951,0.238
121.942,1.793,0.037,1.699,0.078,-0.438,-0.859,0.227,2.550,-1.538,0.407
122.044,2.208,-0.583,1.793,0.063,-0.461,-0.852,0.203,2.884,-2.282,0.561
122.145,2.310,-0.743,1.820,0.031,-0.484,-0.852,0.172,2.777,-2.442,0.729
122.317,2.286,-0.748,1.828,-0.031,-0.500,-0.852,0.078,2.254,-2.426,0.910
122.420,2.266,-0.749,1.835,-0.078,-0.516,-0.844,0.031,2.016,-2.540,0.966
122.534,2.247,-0.748,1.846,-0.086,-0.563,-0.820,0.016,1.959,-2.842,1.098
122.636,2.241,-0.746,1.854,-0.078,-0.586,-0.797,0.016,2.013,-3.233,1.253
122.738,2.226,-0.734,1.873,-0.039,-0.672,-0.734,0.023,2.148,-3.752,1.597
122.840,2.219,-0.721,1.887,-0.016,-0.727,-0.680,0.023,2.255,-3.603,2.131
122.942,2.216,-0.706,1.898,0.000,-0.766,-0.633,0.039,2.433,-3.280,2.426
123.043,2.215,-0.698,1.902,0.016,-0.781,-0.609,0.063,2.538,-3.090,2.474
123.146,2.215,-0.698,1.902,0.016,-0.781,-0.609,0.063,2.498,-3.164,2.365
123.247,2.202,-0.708,1.894,-0.016,-0.727,-0.672,0.008,2.108,-3.868,2.091
123.467,2.182,-0.724,1.877,-0.141,-0.617,-0.758,-0.125,1.281,-2.841,1.412
123.568,2.181,-0.728,1.872,-0.148,-0.594,-0.773,-0.141,1.218,-2.784,1.262
123.670,2.181,-0.728,1.872,-0.148,-0.594,-0.773,-0.141,1.249,-2.746,1.248
123.771,2.181,-0.728,1.872,-0.148,-0.594,-0.773,-0.141,1.278,-2.844,1.302
123.872,2.181,-0.728,1.872,-0.148,-0.594,-0.773,-0.141,1.332,-2.856,1.349
123.976,2.181,-0.728,1.872,-0.148,-0.594,-0.773,-0.141,1.329,-2.875,1.305
124.078,2.181,-0.728,1.872,-0.148,-0.594,-0.773,-0.141,1.299,-2.851,1.283
124.180,2.181,-0.728,1.872,-0.148,-0.594,-0.773,-0.141,1.296,-2.849,1.283
124.391,2.179,-0.729,1.869,-0.125,-0.602,-0.766,-0.117,1.377,-2.882,1.348
124.592,2.179,-0.729,1.869,-0.125,-0.602,-0.766,-0.117,1.408,-2.905,1.338
124.693,2.179,-0.729,1.869,-0.125,-0.602,-0.766,-0.117,1.405,-2.906,1.279
124.794,2.097,-0.968,1.980,-0.117,-0.578,-0.789,-0.109,1.405,-2.890,1.374
124.915,1.761,-2.144,2.532,-0.117,-0.578,-0.797,-0.109,1.111,-3.978,1.924
125.017,1.592,-2.737,2.810,-0.117,-0.570,-0.797,-0.102,0.703,-5.290,1.926
125.119,1.587,-2.744,2.807,-0.109,-0.547,-0.820,-0.109,0.844,-4.792,1.926
125.221,1.583,-2.745,2.794,-0.109,-0.477,-0.859,-0.141,1.033,-4.078,1.924
125.323,1.579,-2.745,2.782,-0.102,-0.414,-0.883,-0.164,1.103,-3.748,1.767
125.430,1.575,-2.744,2.766,-0.086,-0.352,-0.906,-0.188,1.192,-3.492,1.748
125.532,1.570,-2.743,2.748,-0.070,-0.289,-0.922,-0.227,1.194,-3.454,1.596
125.777,1.569,-2.743,2.736,-0.078,-0.250,-0.922,-0.266,1.165,-3.277,1.588
125.880,1.568,-2.741,2.734,-0.094,-0.234,-0.914,-0.289,1.119,-3.222,1.583
125.982,1.568,-2.739,2.732,-0.109,-0.227,-0.906,-0.320,1.088,-3.186,1.581
126.083,1.568,-2.736,2.732,-0.125,-0.219,-0.898,-0.344,1.043,-3.140,1.581
126.184,1.567,-2.731,2.735,-0.141,-0.227,-0.883,-0.367,0.993,-3.130,1.580
126.285,1.567,-2.731,2.735,-0.141,-0.227,-0.883,-0.367,0.919,-3.137,1.580
126.387,1.566,-2.727,2.740,-0.156,-0.234,-0.867,-0.391,0.834,-3.144,1.581
126.488,1.566,-2.724,2.747,-0.180,-0.250,-0.852,-0.406,0.754,-3.161,1.583
126.597,1.567,-2.721,2.756,-0.195,-0.273,-0.844,-0.406,0.674,-3.199,1.596
126.699,1.567,-2.721,2.756,-0.195,-0.273,-0.844,-0.406,0.676,-3.201,1.670
126.876,1.569,-2.717,2.765,-0.211,-0.305,-0.828,-0.406,0.641,-3.212,1.747
127.019,1.569,-2.717,2.765,-0.211,-0.305,-0.828,-0.406,0.600,-3.235,1.745
127.120,1.569,-2.717,2.765,-0.211,-0.305,-0.828,-0.406,0.598,-3.258,1.744
127.221,1.573,-2.712,2.773,-0.227,-0.328,-0.820,-0.391,0.595,-3.283,1.750
127.324,1.573,-2.712,2.773,-0.227,-0.328,-0.820,-0.391,0.569,-3.313,1.749
127.426,1.572,-2.713,2.776,-0.227,-0.344,-0.828,-0.359,0.563,-3.360,1.753
127.527,1.574,-2.717,2.778,-0.219,-0.359,-0.836,-0.336,0.590,-3.449,1.782
127.629,1.576,-2.719,2.781,-0.211,-0.383,-0.836,-0.313,0.695,-3.553,1.909
127.750,1.586,-2.726,2.788,-0.180,-0.445,-0.836,-0.234,0.742,-3.814,1.924
127.963,1.599,-2.732,2.798,-0.125,-0.523,-0.828,-0.125,0.846,-4.500,1.926
128.083,1.606,-2.732,2.804,-0.109,-0.563,-0.805,-0.070,0.891,-5.225,1.928
128.185,1.617,-2.730,2.817,-0.078,-0.633,-0.758,-0.016,1.135,-5.636,2.236
128.296,1.624,-2.723,2.831,-0.047,-0.703,-0.703,0.008,1.505,-4.963,2.872
128.397,1.627,-2.710,2.842,-0.055,-0.750,-0.648,0.008,1.504,-4.964,3.238
128.508,1.632,-2.695,2.852,-0.047,-0.789,-0.602,0.031,1.629,-4.731,3.439
128.609,1.634,-2.686,2.856,-0.031,-0.805,-0.578,0.039,1.724,-4.562,3.563
128.714,1.635,-2.674,2.860,-0.031,-0.828,-0.555,0.047,1.715,-4.578,3.715
128.819,1.634,-2.662,2.863,-0.039,-0.844,-0.523,0.031,1.633,-4.725,3.908
128.922,1.632,-2.654,2.865,-0.063,-0.852,-0.508,0.016,1.518,-4.931,4.034
129.096,1.621,-2.670,2.849,-0.125,-0.734,-0.656,-0.039,0.866,-5.906,3.240
129.203,1.612,-2.679,2.837,-0.133,-0.656,-0.727,-0.070,0.637,-5.785,2.551
129.311,1.606,-2.686,2.828,-0.133,-0.602,-0.773,-0.094,0.448,-5.659,1.941
129.426,1.599,-2.691,2.818,-0.141,-0.547,-0.805,-0.125,0.696,-4.644,1.929
129.535,1.596,-2.694,2.813,-0.148,-0.523,-0.820,-0.133,0.829,-4.271,1.931
129.646,1.574,-2.744,2.825,-0.133,-0.492,-0.844,-0.148,0.853,-4.244,1.926
129.762,1.212,-3.480,3.181,-0.133,-0.484,-0.844,-0.156,0.226,-5.489,1.911
129.880,0.884,-4.149,3.503,-0.141,-0.461,-0.852,-0.188,0.113,-5.501,2.546
129.981,0.855,-4.193,3.523,-0.164,-0.430,-0.836,-0.266,-0.117,-5.377,2.464
130.236,0.827,-4.168,3.517,-0.266,-0.336,-0.766,-0.469,-0.862,-4.758,2.090
130.345,0.820,-4.157,3.515,0.289,0.313,0.727,0.531,-0.671,-4.371,2.261
130.451,0.813,-4.147,3.513,0.305,0.281,0.695,0.578,-0.633,-4.164,2.265
130.572,0.808,-4.136,3.511,0.320,0.250,0.648,0.625,-0.622,-3.984,2.264
130.682,0.806,-4.131,3.511,0.328,0.242,0.633,0.648,-0.610,-3.858,2.269
130.805,0.805,-4.124,3.512,0.352,0.219,0.586,0.680,-0.602,-3.689,2.262
130.912,0.804,-4.122,3.514,0.367,0.211,0.563,0.703,-0.584,-3.564,2.281
131.014,0.802,-4.124,3.516,0.375,0.195,0.539,0.719,-0.534,-3.476,2.331
131.118,0.798,-4.132,3.519,0.391,0.195,0.516,0.727,-0.496,-3.418,2.397
131.220,0.798,-4.132,3.519,0.391,0.195,0.516,0.727,-0.524,-3.361,2.420
131.415,0.772,-4.185,3.532,0.430,0.219,0.477,0.727,-0.739,-3.353,2.494
131.516,0.772,-4.185,3.532,0.430,0.219,0.477,0.727,-0.751,-3.360,2.486
131.617,0.759,-4.230,3.535,0.430,0.227,0.477,0.727,-0.768,-3.391,2.491
131.719,0.759,-4.230,3.535,0.430,0.227,0.477,0.727,-0.765,-3.364,2.499
131.822,0.746,-4.273,3.538,0.438,0.219,0.461,0.727,-0.774,-3.359,2.523
131.928,0.746,-4.273,3.538,0.438,0.219,0.461,0.727,-0.757,-3.294,2.546
132.034,0.737,-4.299,3.541,0.453,0.211,0.438,0.734,-0.740,-3.245,2.565
132.135,0.737,-4.299,3.541,0.453,0.211,0.438,0.734,-0.726,-3.215,2.572
132.236,0.737,-4.299,3.541,0.453,0.211,0.438,0.734,-0.738,-3.224,2.571
132.337,0.737,-4.299,3.541,0.453,0.211,0.438,0.734,-0.767,-3.258,2.573
132.526,0.722,-4.342,3.540,0.461,0.211,0.445,0.727,-0.873,-3.335,2.584
132.628,0.724,-4.340,3.544,0.477,0.234,0.453,0.711,-1.040,-3.317,2.604
132.729,0.727,-4.337,3.547,0.477,0.258,0.469,0.688,-1.165,-3.361,2.614
132.832,0.727,-4.337,3.547,0.477,0.258,0.469,0.688,-1.192,-3.417,2.614
132.933,0.727,-4.337,3.547,0.477,0.258,0.469,0.688,-1.225,-3.433,2.649
133.034,0.727,-4.337,3.547,0.477,0.258,0.469,0.688,-1.222,-3.449,2.680
133.136,0.738,-4.312,3.551,0.484,0.273,0.484,0.672,-1.214,-3.430,2.681
133.238,0.738,-4.312,3.551,0.484,0.273,0.484,0.672,-1.217,-3.443,2.684
133.340,0.738,-4.312,3.551,0.484,0.273,0.484,0.672,-1.208,-3.471,2.744
133.442,0.564,-4.215,3.625,0.508,0.305,0.477,0.641,-1.518,-3.363,2.932
133.624,-1.177,-3.512,4.276,0.492,0.297,0.484,0.648,-2.963,-2.795,3.619
133.725,-1.397,-3.423,4.359,0.484,0.297,0.492,0.648,-3.215,-2.708,3.607
133.827,-1.427,-3.405,4.366,0.461,0.289,0.500,0.664,-3.006,-2.819,3.619
133.929,-1.430,-3.400,4.361,0.438,0.281,0.523,0.664,-2.779,-2.957,3.622
134.031,-1.433,-3.397,4.356,0.414,0.273,0.539,0.664,-2.761,-3.031,3.493
134.132,-1.435,-3.395,4.351,0.383,0.273,0.563,0.672,-2.647,-3.126,3.454
134.234,-1.438,-3.392,4.344,0.359,0.266,0.586,0.672,-2.531,-3.173,3.453
134.336,-1.441,-3.384,4.337,0.336,0.258,0.586,0.680,-2.476,-3.158,3.438
134.437,-1.442,-3.374,4.333,0.328,0.242,0.570,0.703,-2.433,-3.098,3.425
134.538,-1.442,-3.366,4.332,0.336,0.219,0.555,0.719,-2.401,-3.032,3.418
134.732,-1.442,-3.358,4.332,0.352,0.211,0.531,0.734,-2.423,-2.916,3.447
134.834,-1.442,-3.354,4.337,0.375,0.219,0.508,0.734,-2.488,-2.869,3.448
134.935,-1.442,-3.354,4.337,0.375,0.219,0.508,0.734,-2.517,-2.861,3.445
135.036,-1.759,-3.207,4.550,0.383,0.227,0.500,0.727,-2.913,-2.681,3.619
135.138,-2.299,-2.957,4.909,0.383,0.227,0.508,0.727,-3.914,-2.228,3.617
135.239,-2.496,-2.865,5.040,0.383,0.234,0.508,0.727,-4.306,-2.073,3.590
135.341,-2.496,-2.865,5.040,0.383,0.234,0.508,0.727,-4.265,-2.141,3.591
135.448,-2.510,-2.863,5.046,0.359,0.227,0.531,0.727,-4.115,-2.254,3.620
135.551,-2.510,-2.866,5.039,0.336,0.219,0.547,0.727,-3.933,-2.372,3.618
135.653,-2.510,-2.866,5.039,0.336,0.219,0.547,0.727,-3.917,-2.457,3.620
135.827,-2.629,-2.849,5.051,0.305,0.250,0.586,0.695,-4.159,-2.556,3.617
135.929,-3.391,-2.682,5.142,0.305,0.258,0.594,0.688,-4.695,-2.479,3.949
136.032,-3.972,-2.555,5.211,0.313,0.266,0.602,0.680,-4.680,-2.457,4.591
136.134,-4.019,-2.545,5.217,0.313,0.273,0.602,0.672,-4.685,-2.462,4.674
136.236,-4.015,-2.547,5.223,0.336,0.289,0.602,0.656,-4.696,-2.482,4.730
136.338,-4.011,-2.550,5.228,0.352,0.313,0.602,0.633,-4.713,-2.508,4.818
136.440,-4.004,-2.554,5.241,0.383,0.359,0.602,0.594,-4.725,-2.534,4.904
136.543,-3.998,-2.557,5.246,0.398,0.375,0.594,0.570,-4.717,-2.578,4.990
136.645,-3.991,-2.563,5.255,0.414,0.430,0.602,0.516,-4.763,-2.659,5.055
136.746,-3.982,-2.571,5.263,-0.414,-0.477,-0.602,-0.469,-4.823,-2.751,5.123
136.908,-3.973,-2.575,5.270,-0.430,-0.523,-0.594,-0.414,-4.751,-2.797,5.218
137.010,-3.966,-2.577,5.273,-0.430,-0.539,-0.594,-0.391,-4.702,-2.825,5.250
137.116,-3.956,-2.584,5.274,-0.406,-0.570,-0.625,-0.328,-4.593,-2.884,5.269
137.217,-3.953,-2.589,5.273,-0.391,-0.578,-0.633,-0.305,-4.490,-2.938,5.259
137.319,-3.952,-2.594,5.272,-0.375,-0.586,-0.648,-0.281,-4.463,-2.953,5.250
137.422,-3.952,-2.594,5.272,-0.375,-0.586,-0.648,-0.281,-4.440,-2.960,5.240
137.524,-3.953,-2.604,5.271,-0.352,-0.586,-0.672,-0.266,-4.425,-2.953,5.227
137.625,-3.995,-2.675,5.265,-0.383,-0.555,-0.656,-0.305,-4.447,-2.926,5.227
137.727,-4.014,-2.701,5.263,-0.391,-0.547,-0.648,-0.336,-4.488,-2.928,5.223
137.830,-4.033,-2.724,5.262,-0.398,-0.539,-0.633,-0.359,-4.509,-2.910,5.217
138.015,-4.078,-2.770,5.262,-0.445,-0.492,-0.594,-0.430,-4.604,-2.877,5.209
138.118,-4.092,-2.777,5.262,-0.484,-0.461,-0.563,-0.477,-4.731,-2.807,5.197
138.219,-4.098,-2.778,5.263,0.500,0.438,0.547,0.500,-4.817,-2.745,5.188
138.323,-4.105,-2.776,5.264,0.523,0.406,0.500,0.539,-4.766,-2.652,5.193
138.425,-4.107,-2.762,5.264,0.555,0.359,0.445,0.594,-4.706,-2.540,5.192
138.527,-4.104,-2.748,5.264,0.578,0.320,0.398,0.625,-4.652,-2.442,5.192
138.628,-4.098,-2.728,5.265,0.594,0.281,0.352,0.656,-4.600,-2.346,5.190
138.730,-4.090,-2.708,5.266,0.609,0.242,0.305,0.680,-4.543,-2.243,5.186
138.832,-4.077,-2.678,5.266,0.625,0.203,0.250,0.703,-4.479,-2.125,5.177
138.935,-4.061,-2.645,5.266,0.633,0.156,0.195,0.719,-4.415,-2.009,5.165
139.147,-4.027,-2.586,5.267,0.641,0.094,0.117,0.742,-4.263,-1.731,5.129
139.248,-4.001,-2.545,5.267,0.641,0.055,0.063,0.750,-4.156,-1.538,5.103
139.351,-3.974,-2.510,5.267,0.641,0.008,0.016,0.758,-3.994,-1.267,5.055
139.452,-3.948,-2.480,5.267,0.633,-0.031,-0.031,0.766,-3.772,-0.874,4.969
139.554,-3.926,-2.451,5.273,0.617,-0.070,-0.078,0.773,-3.388,-0.090,4.746
139.655,-3.907,-2.430,5.274,0.594,-0.102,-0.133,0.781,-2.978,0.131,4.530
139.757,-3.890,-2.415,5.268,0.563,-0.133,-0.180,0.789,-2.763,-0.316,4.454
139.860,-3.874,-2.407,5.261,0.539,-0.172,-0.234,0.781,-2.422,-0.536,4.348
139.961,-3.860,-2.402,5.255,0.516,-0.211,-0.289,0.766,-2.119,-0.719,4.297
140.064,-3.847,-2.407,5.255,0.500,-0.266,-0.359,0.727,-1.762,-0.912,4.318
140.268,-3.846,-2.422,5.262,0.500,-0.328,-0.422,0.672,-1.956,-1.669,4.723
140.369,-3.856,-2.435,5.271,0.508,-0.375,-0.445,0.625,-1.978,-1.863,4.910
140.472,-3.864,-2.441,5.277,0.516,-0.391,-0.453,0.602,-1.913,-1.952,5.048
140.575,-3.877,-2.449,5.283,0.523,-0.414,-0.453,0.578,-1.823,-2.022,5.152
140.677,-3.891,-2.457,5.287,0.531,-0.438,-0.453,0.555,-1.793,-2.090,5.245
140.778,-3.907,-2.465,5.293,0.539,-0.461,-0.453,0.531,-1.820,-2.149,5.363
140.880,-3.924,-2.473,5.298,0.539,-0.484,-0.453,0.508,-1.680,-2.220,5.452
140.982,-3.933,-2.479,5.299,-0.539,0.492,0.453,-0.492,-1.862,-2.327,5.479
141.083,-3.933,-2.479,5.299,-0.539,0.492,0.453,-0.492,3.004,-2.225,5.996
141.184,-3.933,-2.479,5.299,-0.539,0.492,0.453,-0.492,2.983,-2.263,5.990
141.416,-3.940,-2.518,5.275,0.414,-0.461,-0.602,0.500,2.348,-3.427,3.786
141.517,-3.935,-2.525,5.269,0.391,-0.453,-0.617,0.500,2.217,-3.662,3.341
141.619,-3.929,-2.534,5.263,0.359,-0.445,-0.633,0.508,2.110,-3.855,3.000
141.720,-3.929,-2.534,5.263,0.359,-0.445,-0.633,0.508,2.065,-3.922,2.730
141.822,-3.916,-2.540,5.256,0.344,-0.430,-0.641,0.523,2.254,-3.597,2.587
141.923,-3.908,-2.527,5.256,0.367,-0.391,-0.578,0.594,2.783,-2.644,2.279
142.024,-3.908,-2.511,5.255,0.398,-0.344,-0.516,0.672,-1.902,-2.100,4.255
142.126,-3.911,-2.495,5.254,0.430,-0.289,-0.438,0.727,-1.853,-1.532,4.089
142.227,-3.917,-2.482,5.257,0.469,-0.242,-0.359,0.758,-2.123,-1.061,4.151
142.328,-3.922,-2.474,5.260,0.492,-0.203,-0.305,0.781,-2.483,-0.843,4.284
142.429,-3.928,-2.467,5.264,0.516,-0.172,-0.258,0.789,-2.543,-0.519,4.289
142.530,-3.930,-2.463,5.267,0.539,-0.164,-0.227,0.789,-2.617,-0.451,4.396
142.631,-3.930,-2.463,5.267,0.539,-0.164,-0.227,0.789,-2.563,-0.351,4.451
142.734,-3.931,-2.460,5.273,0.563,-0.172,-0.211,0.773,-2.443,-0.228,4.522
142.835,-3.931,-2.460,5.273,0.563,-0.172,-0.211,0.773,-2.374,-0.253,4.561
142.937,-3.928,-2.460,5.276,0.570,-0.195,-0.234,0.750,-2.283,-0.297,4.506
143.039,-3.928,-2.460,5.276,0.570,-0.195,-0.234,0.750,-2.297,-0.426,4.458
143.141,-3.926,-2.456,5.273,0.547,-0.203,-0.250,0.766,-2.404,-0.569,4.430
143.244,-3.924,-2.449,5.267,0.523,-0.195,-0.250,0.781,-2.409,-0.562,4.317
143.346,-3.924,-2.449,5.267,0.523,-0.195,-0.250,0.781,-2.533,-0.698,4.292
143.447,-3.922,-2.441,5.261,0.500,-0.188,-0.250,0.805,-2.638,-0.769,4.196
143.548,-3.922,-2.435,5.255,0.477,-0.180,-0.234,0.820,-2.687,-0.793,4.124
143.650,-3.922,-2.435,5.255,0.477,-0.180,-0.234,0.820,-2.734,-0.852,4.123
143.751,-3.736,-2.181,5.326,0.453,-0.172,-0.242,0.828,-2.671,-0.774,4.264
143.853,-3.101,-1.318,5.581,0.445,-0.172,-0.242,0.836,-2.279,-0.255,4.621
143.956,-2.759,-0.853,5.718,0.430,-0.172,-0.250,0.844,-1.933,0.194,4.801
144.058,-2.755,-0.848,5.714,0.398,-0.164,-0.250,0.859,-2.012,0.068,4.788
144.160,-2.755,-0.847,5.705,0.367,-0.156,-0.258,0.875,-2.099,-0.058,4.741
144.262,-2.756,-0.846,5.698,0.344,-0.148,-0.250,0.883,-2.132,-0.093,4.680
144.364,-2.756,-0.846,5.698,0.344,-0.148,-0.250,0.883,-2.170,-0.107,4.648
144.467,-2.761,-0.846,5.691,0.320,-0.133,-0.234,0.898,-2.201,-0.105,4.630
144.569,-2.761,-0.846,5.691,0.320,-0.133,-0.234,0.898,-2.200,-0.095,4.636
144.670,-2.761,-0.846,5.691,0.320,-0.133,-0.234,0.898,-2.189,-0.080,4.653
144.772,-2.766,-0.846,5.696,0.352,-0.141,-0.219,0.891,-2.180,-0.043,4.707
144.873,-2.766,-0.846,5.696,0.352,-0.141,-0.219,0.891,-2.161,-0.009,4.759
144.974,-2.741,-0.816,5.734,0.383,-0.148,-0.211,0.883,-2.106,0.065,4.789
145.075,-2.544,-0.572,5.986,0.383,-0.148,-0.211,0.875,-1.896,0.336,4.950
145.177,-2.332,-0.310,6.258,0.383,-0.148,-0.211,0.875,-1.548,0.801,5.095
145.279,-2.308,-0.279,6.289,0.383,-0.148,-0.211,0.875,-1.481,0.905,5.075
145.381,-2.308,-0.279,6.289,0.383,-0.148,-0.211,0.875,-1.431,1.044,5.069
145.483,-2.298,-0.259,6.320,0.445,-0.148,-0.188,0.859,-1.345,1.338,5.091
145.589,-2.301,-0.259,6.327,0.469,-0.141,-0.172,0.844,-1.253,1.699,5.088
145.691,-2.306,-0.260,6.333,0.500,-0.141,-0.156,0.836,-1.168,2.036,5.087
145.792,-2.310,-0.263,6.339,0.523,-0.141,-0.141,0.820,-1.084,2.378,5.087
145.893,-2.310,-0.263,6.339,0.523,-0.141,-0.141,0.820,-0.971,2.825,5.082
145.994,-2.315,-0.266,6.345,0.555,-0.133,-0.125,0.805,-1.009,2.827,5.087
146.096,-2.317,-0.266,6.340,0.523,-0.125,-0.133,0.820,-1.277,2.175,5.090
146.199,-2.268,-0.148,6.353,0.492,-0.117,-0.141,0.844,-1.323,2.016,5.089
146.301,-1.867,0.786,6.500,0.492,-0.125,-0.141,0.844,-0.805,3.182,5.086
146.404,-1.467,1.721,6.648,0.484,-0.125,-0.141,0.844,-0.431,4.023,5.244
146.506,-1.360,1.973,6.688,0.477,-0.125,-0.148,0.852,-0.402,4.003,5.284
146.607,-1.360,1.973,6.688,0.477,-0.125,-0.148,0.852,-0.384,3.952,5.221
146.710,-1.355,1.979,6.685,0.453,-0.125,-0.156,0.859,-0.258,3.966,5.090
146.812,-1.348,1.978,6.674,0.398,-0.133,-0.203,0.875,-0.333,3.570,5.088
146.915,-1.346,1.978,6.667,0.367,-0.133,-0.211,0.891,-0.491,3.228,5.094
147.018,-1.342,1.982,6.649,0.313,-0.117,-0.227,0.906,-0.629,2.990,5.090
147.121,-1.341,1.984,6.639,0.281,-0.109,-0.219,0.922,-0.703,2.879,5.088
147.224,-1.341,1.984,6.639,0.281,-0.109,-0.219,0.922,-0.743,2.827,5.092
147.326,-1.090,2.336,6.656,0.273,-0.109,-0.219,0.922,-0.455,3.243,5.087
147.428,-0.790,2.755,6.683,0.289,-0.109,-0.219,0.922,-0.168,3.659,5.085
147.531,-0.759,2.798,6.685,0.289,-0.109,-0.219,0.922,-0.100,3.767,5.193
147.632,-0.740,2.826,6.693,0.320,-0.117,-0.211,0.906,-0.079,3.828,5.345
147.733,-0.740,2.826,6.701,0.352,-0.117,-0.211,0.898,-0.106,3.827,5.546
147.834,-0.741,2.825,6.709,0.383,-0.125,-0.203,0.883,-0.122,3.827,5.695
147.935,-0.744,2.823,6.718,0.414,-0.133,-0.195,0.875,-0.132,3.826,5.794
148.036,-0.744,2.823,6.718,0.414,-0.133,-0.195,0.875,-0.137,3.833,5.842
148.138,-0.744,2.823,6.718,0.414,-0.133,-0.195,0.875,-0.135,3.843,5.846
148.240,-0.744,2.823,6.718,0.414,-0.133,-0.195,0.875,-0.133,3.851,5.846
148.341,-0.744,2.823,6.718,0.414,-0.133,-0.195,0.875,-0.127,3.851,5.846
148.442,-0.744,2.823,6.718,0.414,-0.133,-0.195,0.875,-0.123,3.851,5.847
148.543,-0.744,2.823,6.718,0.414,-0.133,-0.195,0.875,-0.121,3.856,5.848
148.644,-0.744,2.823,6.718,0.414,-0.133,-0.195,0.875,-0.121,3.866,5.851
148.745,-0.755,2.813,6.727,0.438,-0.141,-0.188,0.859,-0.120,3.887,5.874
148.846,-0.755,2.812,6.733,0.469,-0.148,-0.188,0.844,-0.061,4.000,5.915
148.947,-0.755,2.811,6.739,0.492,-0.156,-0.188,0.828,0.200,4.451,5.856
149.048,-0.755,2.807,6.752,0.555,-0.172,-0.180,0.789,0.189,4.439,6.175
149.149,-0.757,2.800,6.764,0.602,-0.180,-0.172,0.750,0.208,4.464,6.409
149.250,-0.758,2.795,6.770,0.625,-0.188,-0.164,0.727,0.192,4.421,6.594
149.352,-0.759,2.790,6.776,0.648,-0.195,-0.164,0.703,0.226,4.422,6.717
149.454,-0.759,2.785,6.781,0.672,-0.211,-0.172,0.680,0.265,4.390,6.857
149.556,-0.758,2.779,6.785,0.695,-0.219,-0.180,0.656,0.342,4.343,6.963
149.658,-0.756,2.773,6.788,0.703,-0.234,-0.195,0.633,0.443,4.284,7.036
149.760,-0.752,2.767,6.791,0.703,-0.250,-0.219,0.617,0.505,4.246,7.081
149.861,-0.752,2.767,6.791,0.703,-0.250,-0.219,0.617,0.515,4.237,7.101
149.962,-0.752,2.767,6.791,0.703,-0.250,-0.219,0.617,0.495,4.244,7.109
150.063,-0.752,2.767,6.791,0.703,-0.250,-0.219,0.617,0.443,4.267,7.115
150.164,-0.732,2.775,6.794,0.719,-0.242,-0.195,0.609,0.399,4.303,7.132
150.266,-0.732,2.775,6.794,0.719,-0.242,-0.195,0.609,0.332,4.335,7.144
150.367,-0.725,2.780,6.794,0.734,-0.219,-0.172,0.609,0.213,4.409,7.166
150.468,-0.721,2.785,6.794,0.750,-0.164,-0.125,0.617,0.065,4.498,7.187
150.570,-0.719,2.786,6.794,0.758,-0.141,-0.109,0.617,-0.087,4.583,7.210
150.674,-0.715,2.787,6.794,0.766,-0.117,-0.086,0.617,-0.183,4.631,7.236
150.776,-0.715,2.787,6.794,0.766,-0.117,-0.086,0.617,-0.249,4.661,7.249
150.878,-0.701,2.789,6.793,0.773,-0.094,-0.063,0.617,-0.259,4.672,7.245
150.981,-0.701,2.789,6.793,0.773,-0.094,-0.063,0.617,-0.285,4.680,7.240
151.082,-0.701,2.789,6.793,0.773,-0.094,-0.063,0.617,-0.297,4.681,7.237
151.183,-0.701,2.789,6.793,0.773,-0.094,-0.063,0.617,-0.301,4.679,7.232
151.286,-0.701,2.789,6.793,0.773,-0.094,-0.063,0.617,-0.302,4.675,7.227
151.393,-0.701,2.789,6.793,0.773,-0.094,-0.063,0.617,-0.299,4.670,7.215
151.494,-0.701,2.789,6.793,0.773,-0.094,-0.063,0.617,-0.295,4.665,7.214
151.596,-0.701,2.789,6.793,0.773,-0.094,-0.063,0.617,-0.291,4.661,7.244
151.698,-0.701,2.789,6.793,0.773,-0.094,-0.063,0.617,-0.294,4.663,7.324
151.800,-0.663,2.795,6.797,0.813,-0.094,-0.047,0.563,-0.248,4.720,7.560
151.902,-0.665,2.790,6.800,0.828,-0.094,-0.047,0.531,-0.252,4.691,7.737
152.004,-0.665,2.790,6.800,0.828,-0.094,-0.047,0.531,-0.259,4.698,7.820
152.106,-0.671,2.786,6.803,0.852,-0.094,-0.047,0.508,-0.265,4.695,7.891
152.208,-0.678,2.783,6.804,-0.852,0.102,0.039,-0.492,-0.280,4.699,7.928
152.310,-0.678,2.783,6.804,-0.852,0.102,0.039,-0.492,-0.286,4.704,7.946
152.412,-0.678,2.783,6.804,-0.852,0.102,0.039,-0.492,-0.285,4.705,7.963
152.514,-0.678,2.783,6.804,-0.852,0.102,0.039,-0.492,-0.267,4.696,7.973
152.616,-0.689,2.782,6.805,-0.859,0.125,0.047,-0.484,-0.172,4.634,7.972
152.717,-0.687,2.781,6.806,-0.852,0.156,0.070,-0.477,-0.017,4.548,7.980
152.818,-0.684,2.778,6.807,-0.852,0.203,0.109,-0.461,0.202,4.465,8.022
152.919,-0.682,2.776,6.807,-0.844,0.227,0.133,-0.453,0.342,4.363,8.028
153.020,-0.682,2.776,6.807,-0.844,0.227,0.133,-0.453,0.431,4.313,8.036
153.121,-0.681,2.774,6.808,-0.836,0.250,0.156,-0.445,0.478,4.284,8.041
153.223,-0.681,2.774,6.808,-0.836,0.250,0.156,-0.445,0.498,4.275,8.048
153.324,-0.681,2.774,6.808,-0.836,0.250,0.156,-0.445,0.507,4.274,8.066
153.426,-0.681,2.774,6.808,-0.836,0.250,0.156,-0.445,0.518,4.272,8.089
153.528,-0.681,2.774,6.808,-0.836,0.250,0.156,-0.445,0.518,4.277,8.106
153.630,-0.681,2.774,6.808,-0.836,0.250,0.156,-0.445,0.495,4.296,8.120
153.731,-0.681,2.774,6.808,-0.836,0.250,0.156,-0.445,0.452,4.325,8.139
153.834,-0.699,2.752,6.809,-0.852,0.242,0.133,-0.438,0.318,4.372,8.168
153.935,-0.705,2.755,6.808,-0.867,0.188,0.078,-0.445,0.002,4.534,8.151
154.037,-0.712,2.757,6.806,-0.867,0.109,0.023,-0.469,-0.387,4.754,8.124
154.138,-0.717,2.759,6.804,-0.867,0.031,-0.031,-0.484,-0.826,4.817,8.031
154.241,-0.721,2.759,6.802,0.852,0.047,0.086,0.500,-1.402,5.066,8.089
154.342,-0.723,2.758,6.799,0.828,0.133,0.148,0.508,-1.783,4.951,7.966
154.444,-0.723,2.759,6.798,0.820,0.164,0.164,0.516,-2.048,4.888,7.843
154.546,-0.723,2.761,6.796,0.805,0.180,0.188,0.523,-2.168,4.842,7.699
154.649,-0.721,2.766,6.794,0.789,0.188,0.211,0.539,-2.248,4.821,7.582
154.752,-0.719,2.776,6.790,0.766,0.203,0.227,0.555,-2.294,4.811,7.522
154.855,-0.719,2.776,6.790,0.766,0.203,0.227,0.555,-2.318,4.794,7.492
154.956,-0.719,2.776,6.790,0.766,0.203,0.227,0.555,-2.306,4.791,7.462
155.058,-0.719,2.776,6.790,0.766,0.203,0.227,0.555,-2.303,4.785,7.449
155.159,-0.719,2.776,6.790,0.766,0.203,0.227,0.555,-2.310,4.778,7.443
155.262,-0.719,2.776,6.790,0.766,0.203,0.227,0.555,-2.304,4.782,7.449
155.363,-0.719,2.776,6.790,0.766,0.203,0.227,0.555,-2.293,4.788,7.449
155.465,-0.719,2.776,6.790,0.766,0.203,0.227,0.555,-2.292,4.789,7.451
155.566,-0.719,2.776,6.790,0.766,0.203,0.227,0.555,-2.289,4.790,7.453
155.667,-0.719,2.776,6.790,0.766,0.203,0.227,0.555,-2.287,4.791,7.446
155.769,-0.719,2.776,6.790,0.766,0.203,0.227,0.555,-2.287,4.787,7.357
155.870,-0.712,2.804,6.783,0.727,0.195,0.250,0.602,-2.300,4.811,6.998
155.972,-0.717,2.809,6.770,0.648,0.180,0.297,0.672,-2.364,4.793,6.488
156.073,-0.722,2.814,6.755,0.570,0.164,0.328,0.727,-2.173,4.486,6.021
156.175,-0.726,2.818,6.736,0.484,0.141,0.367,0.773,-2.231,4.436,5.378
156.276,-0.729,2.821,6.719,0.414,0.133,0.383,0.805,-2.031,4.175,5.092
156.378,-0.729,2.825,6.702,0.352,0.117,0.398,0.836,-1.804,3.944,5.088
156.479,-0.761,2.859,6.698,0.336,0.117,0.398,0.836,-1.784,3.884,5.088
156.580,-0.761,2.859,6.698,0.336,0.117,0.398,0.836,-1.786,3.882,5.088
156.881,-1.744,3.873,6.706,0.438,0.109,0.328,0.820,-2.185,4.482,6.195
156.983,-1.737,3.875,6.728,0.547,0.102,0.281,0.773,-2.293,4.794,6.301
157.084,-1.730,3.869,6.750,0.656,0.102,0.234,0.703,-2.225,4.837,6.684
157.185,-1.722,3.855,6.769,0.742,0.102,0.195,0.625,-2.192,4.862,6.961
157.286,-1.717,3.842,6.777,0.789,0.094,0.172,0.570,-2.180,4.857,7.149
157.387,-1.712,3.828,6.783,0.828,0.102,0.156,0.516,-2.168,4.849,7.292
157.488,-1.711,3.821,6.785,-0.844,-0.102,-0.148,-0.492,-2.168,4.847,7.374
157.589,-1.711,3.821,6.785,-0.844,-0.102,-0.148,-0.492,-2.151,4.858,7.421
157.691,-1.708,3.815,6.788,-0.859,-0.109,-0.125,-0.477,-2.129,4.862,7.469
157.793,-1.708,3.815,6.788,-0.859,-0.109,-0.125,-0.477,-2.141,4.861,7.497
157.894,-1.708,3.815,6.788,-0.859,-0.109,-0.125,-0.477,-2.161,4.855,7.498
157.996,-1.708,3.815,6.788,-0.859,-0.109,-0.125,-0.477,-2.169,4.851,7.490
158.097,-1.708,3.815,6.788,-0.859,-0.109,-0.125,-0.477,-2.169,4.849,7.485
158.199,-1.708,3.815,6.788,-0.859,-0.109,-0.125,-0.477,-2.161,4.850,7.486
158.301,-1.708,3.815,6.788,-0.859,-0.109,-0.125,-0.477,-2.159,4.851,7.489
158.402,-1.708,3.815,6.788,-0.859,-0.109,-0.125,-0.477,-2.157,4.851,7.491
158.503,-1.708,3.815,6.788,-0.859,-0.109,-0.125,-0.477,-2.154,4.852,7.489
158.604,-1.708,3.815,6.788,-0.859,-0.109,-0.125,-0.477,-2.153,4.853,7.488
158.705,-1.708,3.815,6.788,-0.859,-0.109,-0.125,-0.477,-2.156,4.853,7.484
158.806,-1.708,3.815,6.788,-0.859,-0.109,-0.125,-0.477,-2.168,4.851,7.482
158.907,-1.708,3.815,6.788,-0.859,-0.109,-0.125,-0.477,-2.181,4.848,7.479
159.008,-1.711,3.812,6.789,-0.859,-0.133,-0.141,-0.469,-2.220,4.834,7.476
159.110,-1.713,3.810,6.789,-0.852,-0.156,-0.164,-0.461,-2.306,4.808,7.479
159.211,-1.715,3.806,6.790,-0.844,-0.188,-0.180,-0.453,-2.399,4.785,7.500
159.313,-1.721,3.797,6.790,-0.828,-0.242,-0.219,-0.445,-2.624,4.719,7.536
159.414,-1.727,3.785,6.790,-0.805,-0.289,-0.258,-0.430,-2.856,4.605,7.537
159.516,-1.739,3.758,6.789,-0.758,-0.367,-0.328,-0.406,-2.830,4.273,7.381
159.617,-1.746,3.736,6.787,-0.727,-0.406,-0.375,-0.383,-2.722,3.979,7.228
159.718,-1.755,3.701,6.784,-0.672,-0.469,-0.430,-0.352,-2.769,3.768,7.180
159.819,-1.760,3.682,6.783,-0.656,-0.484,-0.453,-0.344,-2.830,3.661,7.161
159.921,-1.765,3.658,6.783,-0.633,-0.500,-0.469,-0.336,-2.881,3.561,7.146
160.024,-1.769,3.634,6.783,-0.609,-0.516,-0.484,-0.328,-3.462,3.373,7.279
160.127,-1.772,3.613,6.782,-0.586,-0.531,-0.508,-0.320,-3.481,3.233,7.221
160.230,-1.775,3.580,6.776,-0.531,-0.547,-0.547,-0.313,-3.480,3.020,7.059
160.332,-1.774,3.564,6.770,-0.492,-0.547,-0.594,-0.297,-3.476,2.809,6.870
160.434,-1.769,3.547,6.757,-0.414,-0.539,-0.664,-0.281,-3.475,2.610,6.671
160.535,-1.764,3.544,6.748,-0.367,-0.516,-0.711,-0.273,-3.472,2.433,6.393
160.636,-1.762,3.547,6.743,-0.344,-0.508,-0.734,-0.273,-3.472,2.309,6.172
160.738,-1.760,3.561,6.734,-0.297,-0.484,-0.773,-0.266,-3.479,2.164,5.926
160.840,-1.760,3.576,6.723,-0.258,-0.445,-0.805,-0.258,-3.495,2.000,5.527
160.941,-1.763,3.594,6.709,-0.211,-0.406,-0.844,-0.258,-3.341,1.976,5.093
161.043,-1.764,3.604,6.702,-0.188,-0.391,-0.859,-0.258,-2.997,2.189,5.097
161.147,-1.767,3.618,6.695,-0.164,-0.375,-0.867,-0.258,-2.847,2.325,5.096
161.248,-1.930,3.444,6.689,-0.156,-0.352,-0.875,-0.273,-3.017,2.211,5.091
161.351,-2.450,2.807,6.689,-0.172,-0.352,-0.859,-0.305,-3.488,1.782,5.306
161.452,-2.819,2.354,6.690,-0.195,-0.344,-0.836,-0.359,-3.485,1.859,5.923
161.555,-2.830,2.363,6.691,-0.227,-0.328,-0.805,-0.422,-3.484,2.070,6.032
161.658,-2.843,2.395,6.691,0.281,0.273,0.742,0.531,-3.491,2.269,6.068
161.759,-2.848,2.412,6.691,0.313,0.242,0.695,0.586,-3.472,2.454,6.108
161.862,-2.849,2.419,6.692,0.320,0.234,0.680,0.609,-3.471,2.517,6.108
161.964,-2.852,2.431,6.692,0.328,0.227,0.656,0.633,-3.471,2.526,6.115
162.066,-2.852,2.431,6.692,0.328,0.227,0.656,0.633,-3.469,2.507,6.121
162.169,-2.852,2.431,6.692,0.328,0.227,0.656,0.633,-3.468,2.495,6.116
162.270,-2.852,2.431,6.692,0.328,0.227,0.656,0.633,-3.468,2.484,6.113
162.372,-2.857,2.444,6.693,0.305,0.242,0.664,0.625,-3.474,2.486,6.112
162.474,-2.857,2.444,6.693,0.305,0.242,0.664,0.625,-3.477,2.475,6.122
162.576,-2.857,2.444,6.693,0.305,0.242,0.664,0.625,-3.481,2.460,6.146
162.677,-2.849,2.441,6.697,0.313,0.266,0.672,0.602,-3.423,2.425,6.226
162.778,-2.840,2.429,6.703,0.313,0.305,0.703,0.547,-3.478,2.332,6.217
162.880,-2.828,2.411,6.708,-0.289,-0.359,-0.750,-0.469,-3.479,2.190,6.235
162.981,-2.818,2.399,6.710,-0.273,-0.391,-0.773,-0.406,-3.485,2.018,6.226
163.083,-2.802,2.382,6.713,-0.242,-0.430,-0.805,-0.320,-3.488,1.815,6.186
163.184,-2.789,2.371,6.712,-0.219,-0.438,-0.820,-0.258,-3.384,1.715,6.188
163.285,-2.768,2.355,6.706,-0.172,-0.445,-0.859,-0.164,-3.135,1.704,6.213
163.386,-2.745,2.342,6.698,-0.109,-0.430,-0.883,-0.078,-2.946,1.698,6.186
163.487,-2.722,2.333,6.690,-0.063,-0.414,-0.906,0.000,-2.825,1.471,5.925
163.589,-2.703,2.330,6.682,-0.031,-0.383,-0.914,0.055,-2.690,1.403,5.735
163.690,-2.682,2.328,6.676,-0.008,-0.359,-0.914,0.125,-2.454,0.742,4.947
163.791,-2.672,2.328,6.675,0.000,-0.359,-0.914,0.156,-2.326,0.912,5.094
163.892,-2.661,2.330,6.675,0.016,-0.359,-0.906,0.180,-2.238,0.946,5.094
163.993,-2.627,2.263,6.676,0.023,-0.359,-0.906,0.203,-2.198,0.879,5.094
164.094,-2.444,1.698,6.684,0.016,-0.359,-0.906,0.188,-2.002,0.000,4.789
164.195,-2.260,1.133,6.691,-0.008,-0.367,-0.914,0.148,-1.971,-1.293,4.107
164.296,-2.218,0.978,6.695,-0.070,-0.375,-0.922,0.047,-2.808,-2.104,3.612
164.397,-2.251,0.990,6.707,-0.188,-0.383,-0.891,-0.109,-4.407,-1.983,3.857
164.499,-2.273,1.007,6.721,-0.289,-0.398,-0.836,-0.203,-3.165,0.280,6.074
164.601,-2.281,1.017,6.731,-0.328,-0.422,-0.805,-0.242,-3.062,0.498,6.336
164.703,-2.284,1.024,6.737,-0.352,-0.438,-0.781,-0.250,-2.976,0.589,6.459
164.804,-2.285,1.036,6.748,-0.391,-0.469,-0.734,-0.258,-2.949,0.642,6.560
164.905,-2.284,1.038,6.752,-0.414,-0.484,-0.719,-0.258,-2.926,0.682,6.654
165.007,-2.279,1.040,6.761,-0.461,-0.508,-0.680,-0.242,-2.914,0.701,6.737
165.108,-2.276,1.039,6.765,-0.484,-0.516,-0.656,-0.227,-2.911,0.708,6.814
165.211,-2.273,1.036,6.768,-0.508,-0.523,-0.641,-0.211,-2.911,0.708,6.871
165.313,-2.267,1.026,6.774,-0.555,-0.539,-0.594,-0.195,-2.897,0.726,6.940
165.415,-2.264,1.021,6.777,-0.578,-0.539,-0.570,-0.188,-2.885,0.753,6.995
165.517,-2.260,1.013,6.779,-0.602,-0.539,-0.547,-0.188,-2.882,0.763,7.041
165.620,-2.256,0.999,6.780,-0.625,-0.539,-0.523,-0.180,-2.882,0.768,7.072
165.721,-2.251,0.974,6.780,-0.648,-0.523,-0.508,-0.180,-2.881,0.760,7.098
165.822,-2.251,0.974,6.780,-0.648,-0.523,-0.508,-0.180,-2.883,0.777,7.121
165.923,-2.250,0.941,6.781,-0.672,-0.523,-0.484,-0.180,-2.886,0.759,7.145
166.025,-2.252,0.894,6.784,-0.695,-0.508,-0.461,-0.180,-2.893,0.727,7.163
166.127,-2.252,0.894,6.784,-0.695,-0.508,-0.461,-0.180,-2.900,0.738,7.174
166.228,-2.257,0.849,6.785,-0.703,-0.500,-0.453,-0.188,-2.911,0.701,7.184
166.329,-2.257,0.849,6.785,-0.703,-0.500,-0.453,-0.188,-2.914,0.716,7.191
166.430,-2.263,0.802,6.785,-0.711,-0.492,-0.445,-0.188,-2.923,0.685,7.195
166.532,-2.263,0.802,6.785,-0.711,-0.492,-0.445,-0.188,-2.920,0.705,7.201
166.634,-2.270,0.755,6.784,-0.734,-0.469,-0.438,-0.195,-2.922,0.680,7.209
166.735,-2.270,0.755,6.784,-0.734,-0.469,-0.438,-0.195,-2.918,0.696,7.217
166.836,-2.275,0.721,6.786,-0.750,-0.453,-0.414,-0.211,-2.920,0.674,7.223
166.937,-2.275,0.721,6.786,-0.750,-0.453,-0.414,-0.211,-2.919,0.683,7.226
167.038,-2.275,0.721,6.786,-0.750,-0.453,-0.414,-0.211,-2.921,0.688,7.228
167.140,-2.275,0.721,6.786,-0.750,-0.453,-0.414,-0.211,-2.922,0.692,7.231
167.241,-2.275,0.721,6.786,-0.750,-0.453,-0.414,-0.211,-2.925,0.694,7.232
167.342,-2.275,0.721,6.786,-0.750,-0.453,-0.414,-0.211,-2.930,0.693,7.232
167.443,-2.275,0.721,6.786,-0.750,-0.453,-0.414,-0.211,-2.933,0.694,7.230
167.544,-2.275,0.721,6.786,-0.750,-0.453,-0.414,-0.211,-2.935,0.694,7.227
167.646,-2.275,0.721,6.786,-0.750,-0.453,-0.414,-0.211,-2.941,0.689,7.231
167.748,-2.275,0.721,6.786,-0.750,-0.453,-0.414,-0.211,-2.942,0.690,7.230
167.850,-2.275,0.721,6.786,-0.750,-0.453,-0.414,-0.211,-2.945,0.687,7.226
167.951,-2.275,0.721,6.786,-0.750,-0.453,-0.414,-0.211,-2.964,0.651,7.208
168.052,-2.255,0.701,6.786,-0.688,-0.484,-0.484,-0.195,-3.027,0.478,7.152
168.153,-2.257,0.691,6.778,-0.617,-0.516,-0.570,-0.141,-3.250,0.166,7.089
168.255,-2.258,0.682,6.768,-0.531,-0.531,-0.641,-0.109,-3.340,-0.085,6.946
168.357,-2.258,0.680,6.765,-0.508,-0.531,-0.664,-0.102,-3.431,-0.247,6.849
168.458,-2.259,0.678,6.760,-0.484,-0.523,-0.680,-0.102,-3.442,-0.266,6.787
168.560,-2.259,0.678,6.760,-0.484,-0.523,-0.680,-0.102,-3.436,-0.260,6.753
168.662,-2.259,0.678,6.760,-0.484,-0.523,-0.680,-0.102,-3.448,-0.284,6.735
168.764,-2.262,0.681,6.756,-0.461,-0.516,-0.703,-0.109,-3.485,-0.339,6.717
168.866,-2.262,0.681,6.756,-0.461,-0.516,-0.703,-0.109,-3.516,-0.401,6.713
168.967,-2.262,0.681,6.756,-0.461,-0.516,-0.703,-0.109,-3.525,-0.441,6.718
169.068,-2.263,0.687,6.759,-0.438,-0.539,-0.703,-0.094,-3.564,-0.523,6.727
169.170,-2.263,0.687,6.759,-0.438,-0.539,-0.703,-0.094,-3.744,-0.812,6.734
169.271,-2.261,0.687,6.761,-0.422,-0.555,-0.703,-0.078,-4.143,-1.538,6.722
169.372,-2.254,0.686,6.762,-0.367,-0.594,-0.703,-0.047,-4.682,-2.826,6.734
169.473,-2.251,0.687,6.764,-0.336,-0.609,-0.703,-0.039,-4.379,-2.990,6.754
169.575,-2.248,0.689,6.766,-0.313,-0.633,-0.703,-0.031,-4.176,-3.121,6.786
169.676,-2.245,0.693,6.769,-0.281,-0.648,-0.703,-0.016,-4.002,-3.210,6.827
169.778,-2.242,0.700,6.771,-0.258,-0.664,-0.695,-0.008,-3.818,-3.308,6.870
169.880,-2.241,0.711,6.774,-0.227,-0.672,-0.695,0.000,-3.593,-3.433,6.916
169.981,-2.240,0.728,6.776,-0.203,-0.688,-0.688,0.008,-3.426,-3.516,6.975
170.083,-2.240,0.728,6.776,-0.203,-0.688,-0.688,0.008,-3.298,-3.600,7.045
170.184,-2.240,0.728,6.776,-0.203,-0.688,-0.688,0.008,-3.245,-3.628,7.105
170.286,-2.240,0.728,6.776,-0.203,-0.688,-0.688,0.008,-3.325,-3.606,7.166
170.388,-2.248,0.784,6.786,-0.211,-0.711,-0.656,-0.016,-3.574,-3.432,7.287
170.491,-2.256,0.799,6.790,-0.281,-0.711,-0.633,-0.063,-4.470,-2.924,7.667
170.594,-2.263,0.819,6.796,-0.383,-0.688,-0.586,-0.125,-3.554,-0.515,7.332
170.696,-2.265,0.838,6.800,-0.461,-0.664,-0.547,-0.172,-3.243,0.147,7.230
170.799,-2.264,0.859,6.804,-0.539,-0.625,-0.500,-0.227,-2.993,0.538,7.145
170.900,-2.262,0.875,6.805,-0.594,-0.594,-0.461,-0.266,-2.897,0.716,7.113
171.002,-2.262,0.897,6.806,-0.648,-0.539,-0.414,-0.320,-2.796,0.898,7.071
171.105,-2.261,0.930,6.806,-0.703,-0.453,-0.328,-0.414,-2.700,1.075,7.027
171.207,-2.255,0.963,6.803,0.742,0.359,0.242,0.500,-2.621,1.276,6.992
171.309,-2.244,0.998,6.797,0.758,0.242,0.117,0.578,-3.478,3.169,7.541
171.411,-2.233,1.021,6.791,0.758,0.148,0.039,0.625,-2.842,3.633,7.309
171.514,-2.224,1.042,6.783,0.734,0.055,-0.039,0.672,-2.189,4.849,7.077
171.616,-2.217,1.057,6.775,0.688,-0.016,-0.117,0.703,-1.298,4.985,6.584
171.718,-2.213,1.066,6.766,0.641,-0.086,-0.203,0.727,-0.390,4.777,5.973
171.821,-2.210,1.068,6.756,0.578,-0.148,-0.281,0.742,-0.064,3.796,5.680
171.923,-2.211,1.067,6.747,0.516,-0.211,-0.344,0.742,0.847,3.785,5.088
172.026,-2.212,1.064,6.740,0.477,-0.242,-0.391,0.742,0.726,2.958,5.088
172.127,-2.214,1.059,6.733,0.438,-0.281,-0.438,0.727,0.640,2.359,5.089
172.228,-2.216,1.057,6.730,0.414,-0.297,-0.453,0.719,0.576,1.982,5.091
172.329,-1.665,1.236,6.719,0.375,-0.320,-0.492,0.703,1.074,1.951,5.088
172.432,-0.124,1.745,6.697,0.367,-0.328,-0.516,0.695,2.605,2.316,5.089
172.535,0.566,1.972,6.688,0.367,-0.336,-0.523,0.680,3.272,2.422,5.105
172.638,0.566,1.972,6.688,0.367,-0.336,-0.523,0.680,3.328,2.301,5.092
172.739,0.578,1.966,6.687,0.352,-0.344,-0.547,0.664,3.131,2.138,5.209
172.840,0.588,1.949,6.683,0.320,-0.367,-0.594,0.625,3.219,1.778,5.092
172.943,0.596,1.935,6.678,0.281,-0.383,-0.641,0.594,2.863,1.426,5.094
173.044,0.604,1.921,6.669,0.242,-0.367,-0.688,0.570,2.474,1.269,5.094
173.145,0.610,1.913,6.664,0.219,-0.359,-0.711,0.555,2.287,1.202,5.095
173.246,0.621,1.901,6.658,0.195,-0.352,-0.727,0.539,2.216,1.170,5.092
173.347,0.621,1.901,6.658,0.195,-0.352,-0.727,0.539,2.250,1.218,5.092
173.449,1.198,1.645,6.669,0.219,-0.344,-0.711,0.563,2.534,1.176,5.423
173.550,1.978,1.304,6.686,0.227,-0.336,-0.695,0.578,3.006,1.006,5.740
173.652,2.209,1.203,6.691,0.234,-0.328,-0.688,0.586,3.060,1.016,5.900
173.755,2.230,1.197,6.690,0.234,-0.313,-0.672,0.617,3.055,1.060,5.900
173.856,2.229,1.202,6.687,0.234,-0.297,-0.656,0.641,3.019,1.111,5.900
173.957,2.229,1.202,6.687,0.234,-0.297,-0.656,0.641,3.016,1.132,5.900
174.059,2.229,1.202,6.687,0.234,-0.297,-0.656,0.641,3.023,1.141,5.899
174.160,2.229,1.202,6.687,0.234,-0.297,-0.656,0.641,3.043,1.141,5.898
174.262,2.229,1.202,6.687,0.234,-0.297,-0.656,0.641,3.056,1.142,5.901
174.363,2.229,1.202,6.687,0.234,-0.297,-0.656,0.641,3.055,1.146,5.909
174.464,2.225,1.198,6.691,0.258,-0.297,-0.633,0.656,3.047,1.153,5.915
174.565,2.225,1.198,6.691,0.258,-0.297,-0.633,0.656,3.042,1.164,5.911
174.666,2.225,1.198,6.691,0.258,-0.297,-0.633,0.656,3.037,1.173,5.903
174.767,2.225,1.198,6.691,0.258,-0.297,-0.633,0.656,3.031,1.179,5.902
174.871,2.225,1.198,6.691,0.258,-0.297,-0.633,0.656,3.027,1.184,5.902
174.973,2.225,1.198,6.691,0.258,-0.297,-0.633,0.656,3.024,1.189,5.920
175.076,2.225,1.198,6.691,0.258,-0.297,-0.633,0.656,3.028,1.195,5.934
175.183,2.232,1.210,6.691,0.266,-0.289,-0.617,0.672,3.075,1.214,5.927
175.284,2.232,1.210,6.691,0.266,-0.289,-0.617,0.672,3.138,1.230,5.924
175.385,2.229,1.216,6.697,0.289,-0.305,-0.602,0.672,3.278,1.270,5.925
175.488,2.225,1.219,6.711,0.344,-0.336,-0.570,0.656,4.128,1.355,5.567
175.589,2.222,1.219,6.718,0.359,-0.359,-0.570,0.633,4.213,1.327,5.742
175.691,2.217,1.217,6.726,0.383,-0.383,-0.563,0.617,4.243,1.321,5.872
175.792,2.208,1.216,6.733,0.406,-0.391,-0.555,0.602,4.258,1.349,5.997
175.893,2.200,1.216,6.741,0.430,-0.406,-0.539,0.594,4.270,1.387,6.134
175.994,2.191,1.216,6.747,0.453,-0.414,-0.523,0.578,4.281,1.445,6.281
176.095,2.184,1.217,6.753,0.484,-0.414,-0.500,0.570,4.279,1.543,6.425
176.197,2.176,1.218,6.759,0.508,-0.422,-0.477,0.570,4.284,1.641,6.558
176.298,2.169,1.218,6.764,0.531,-0.422,-0.461,0.563,4.871,1.874,6.637
176.399,2.160,1.218,6.768,0.555,-0.414,-0.438,0.555,4.738,1.942,6.757
176.501,2.152,1.216,6.771,0.586,-0.414,-0.414,0.555,4.616,2.005,6.849
176.604,2.152,1.216,6.771,0.586,-0.414,-0.414,0.555,4.544,2.049,6.949
176.706,2.144,1.212,6.775,0.609,-0.406,-0.398,0.539,4.499,2.069,7.028
176.808,2.144,1.212,6.775,0.609,-0.406,-0.398,0.539,4.471,2.087,7.116
176.910,2.134,1.208,6.780,0.625,-0.414,-0.383,0.523,4.410,2.115,7.228
177.012,2.125,1.204,6.783,0.648,-0.406,-0.359,0.508,4.330,2.135,7.308
177.114,2.125,1.204,6.783,0.648,-0.406,-0.359,0.508,4.349,2.197,7.404
177.215,2.114,1.202,6.787,-0.680,0.406,0.336,-0.492,4.283,2.228,7.476
177.317,2.114,1.202,6.787,-0.680,0.406,0.336,-0.492,4.221,2.264,7.530
177.418,2.105,1.201,6.789,-0.703,0.391,0.313,-0.492,4.147,2.301,7.576
177.519,2.105,1.201,6.789,-0.703,0.391,0.313,-0.492,4.046,2.305,7.608
177.620,2.097,1.201,6.791,-0.719,0.383,0.297,-0.477,4.022,2.335,7.659
177.721,2.097,1.201,6.791,-0.719,0.383,0.297,-0.477,4.031,2.332,7.699
177.822,2.097,1.201,6.791,-0.719,0.383,0.297,-0.477,4.089,2.300,7.758
177.924,2.097,1.201,6.791,-0.719,0.383,0.297,-0.477,4.127,2.280,7.782
178.025,2.088,1.196,6.792,-0.727,0.398,0.297,-0.453,4.180,2.226,7.787
178.126,2.088,1.194,6.792,-0.711,0.422,0.320,-0.445,4.382,2.132,7.819
178.228,2.090,1.191,6.791,-0.695,0.438,0.344,-0.438,4.619,2.000,7.837
178.329,2.093,1.189,6.791,-0.680,0.453,0.367,-0.422,4.945,1.804,7.892
178.430,2.096,1.183,6.791,-0.648,0.492,0.406,-0.391,4.939,1.458,7.815
178.531,2.100,1.180,6.789,-0.633,0.500,0.430,-0.383,4.832,1.245,7.594
178.634,2.111,1.178,6.784,-0.586,0.508,0.484,-0.391,4.805,1.073,7.393
178.737,2.117,1.178,6.781,-0.563,0.516,0.508,-0.391,4.667,0.952,7.131
178.840,2.127,1.182,6.776,0.523,-0.508,-0.523,0.422,4.749,0.963,6.916
178.942,2.137,1.192,6.770,0.500,-0.484,-0.523,0.477,4.845,1.205,6.660
179.043,2.146,1.213,6.762,0.500,-0.430,-0.484,0.563,4.307,1.498,6.500
179.144,2.147,1.226,6.758,0.500,-0.391,-0.453,0.617,4.729,1.979,6.232
179.246,2.146,1.238,6.752,0.492,-0.352,-0.414,0.672,4.280,2.198,6.075
179.349,2.142,1.251,6.745,0.477,-0.313,-0.367,0.719,3.931,2.385,5.919
179.451,2.133,1.265,6.734,0.461,-0.258,-0.305,0.789,3.602,2.563,5.726
179.552,2.120,1.277,6.724,0.438,-0.195,-0.234,0.836,2.950,2.294,5.892
179.653,2.104,1.285,6.714,0.414,-0.133,-0.164,0.875,2.607,2.201,5.907
179.755,2.090,1.291,6.708,0.398,-0.086,-0.102,0.898,2.636,3.021,5.089
179.862,2.077,1.296,6.703,0.383,-0.055,-0.047,0.914,2.358,2.925,5.089
179.963,2.064,1.302,6.698,0.367,-0.023,0.008,0.922,2.156,2.839,5.086
180.064,2.052,1.309,6.696,0.359,0.000,0.063,0.922,1.925,2.785,5.087
180.166,2.040,1.316,6.695,0.352,0.039,0.141,0.914,1.583,2.704,5.087
180.268,2.026,1.322,6.694,0.344,0.078,0.227,0.898,1.288,2.574,5.087
180.371,2.015,1.327,6.693,0.328,0.117,0.313,0.875,1.025,2.385,5.087
180.473,2.004,1.330,6.694,0.313,0.164,0.414,0.828,0.822,2.182,5.087
180.574,2.001,1.331,6.695,0.305,0.188,0.477,0.797,0.691,1.974,5.087
180.675,2.001,1.331,6.695,0.305,0.188,0.477,0.797,0.669,1.932,5.087
180.876,2.009,1.346,6.698,0.281,0.234,0.578,0.719,0.498,1.662,5.089
180.982,2.009,1.346,6.698,0.281,0.234,0.578,0.719,0.494,1.659,5.089
181.084,2.009,1.346,6.698,0.281,0.234,0.578,0.719,0.491,1.657,5.090
181.186,1.388,1.492,6.694,0.297,0.219,0.586,0.711,-0.119,1.862,5.089
181.288,1.042,1.561,6.692,0.297,0.219,0.578,0.719,-0.360,1.935,5.089
181.390,0.503,1.672,6.688,0.297,0.188,0.531,0.758,-0.786,2.261,5.089
181.491,0.504,1.680,6.683,0.297,0.148,0.484,0.797,-0.593,2.387,5.088
181.794,-0.137,2.201,6.685,0.305,0.117,0.438,0.828,-1.113,3.043,5.086
182.096,-0.492,2.491,6.687,0.313,0.102,0.406,0.844,-1.408,3.409,5.088
182.398,-1.169,3.251,6.687,0.313,0.070,0.352,0.875,-1.887,4.260,5.087
182.700,-1.310,3.455,6.684,0.328,-0.023,0.188,0.922,-1.428,4.723,5.088
183.002,-1.268,3.469,6.681,0.320,-0.078,0.063,0.938,-1.074,4.337,5.567
183.305,-1.218,3.467,6.679,0.297,-0.133,-0.094,0.938,-0.499,4.500,5.106
183.406,-1.208,3.465,6.680,0.289,-0.148,-0.133,0.930,-0.487,4.467,5.142
183.607,-1.179,3.455,6.683,0.289,-0.180,-0.219,0.906,-0.541,4.054,5.668
183.709,-1.179,3.455,6.683,0.289,-0.180,-0.219,0.906,-0.540,4.053,5.671
183.811,-1.179,3.455,6.683,0.289,-0.180,-0.219,0.906,-0.530,4.047,5.705
183.912,-1.179,3.455,6.683,0.289,-0.180,-0.219,0.906,-0.546,4.052,5.747
184.015,-1.174,3.449,6.691,0.313,-0.188,-0.234,0.891,-0.573,4.063,5.806
184.116,-1.178,3.450,6.696,0.336,-0.180,-0.219,0.891,-0.613,4.138,5.870
184.217,-1.185,3.453,6.707,0.391,-0.164,-0.188,0.875,-0.306,4.731,5.510
184.318,-1.191,3.455,6.720,0.453,-0.164,-0.156,0.859,-0.396,4.781,5.755
184.420,-1.194,3.455,6.726,0.477,-0.172,-0.148,0.844,-0.433,4.803,5.945
184.522,-1.197,3.455,6.732,0.500,-0.180,-0.133,0.828,-0.447,4.811,6.051
184.623,-1.201,3.454,6.737,0.531,-0.180,-0.117,0.813,-0.489,4.822,6.129
184.725,-1.201,3.454,6.737,0.531,-0.180,-0.117,0.813,-0.523,4.839,6.186
184.826,-1.204,3.451,6.742,0.555,-0.172,-0.102,0.797,-0.712,4.522,6.377
184.928,-1.207,3.449,6.747,0.578,-0.172,-0.086,0.781,-0.728,4.556,6.429
185.030,-1.207,3.449,6.747,0.578,-0.172,-0.086,0.781,-0.762,4.573,6.471
185.131,-1.215,3.446,6.752,0.609,-0.148,-0.039,0.773,-0.875,4.628,6.488
185.232,-1.224,3.445,6.750,0.602,-0.094,0.008,0.789,-1.061,4.903,6.350
185.333,-1.238,3.442,6.746,0.586,-0.016,0.078,0.805,-1.392,5.051,6.204
185.434,-1.249,3.438,6.741,0.555,0.047,0.148,0.813,-1.645,4.768,6.167
185.537,-1.258,3.435,6.732,0.500,0.086,0.219,0.828,-1.857,4.684,5.943
185.638,-1.267,3.431,6.715,0.414,0.102,0.281,0.852,-2.023,4.586,5.540
185.740,-1.277,3.428,6.694,0.328,0.109,0.336,0.867,-2.162,4.454,5.088
185.841,-1.285,3.424,6.677,0.266,0.109,0.383,0.875,-2.046,4.119,5.091
185.944,-1.289,3.422,6.668,0.242,0.109,0.398,0.867,-1.983,3.959,5.095
186.046,-1.299,3.419,6.651,0.195,0.109,0.445,0.859,-1.944,3.845,5.088
186.148,-1.299,3.419,6.651,0.195,0.109,0.445,0.859,-1.920,3.782,5.095
186.249,-1.299,3.419,6.651,0.195,0.109,0.445,0.859,-1.890,3.761,5.099
186.350,-1.299,3.421,6.640,0.172,0.102,0.469,0.852,-1.865,3.750,5.091
186.451,-1.299,3.421,6.640,0.172,0.102,0.469,0.852,-1.855,3.722,5.093
186.553,-1.299,3.421,6.640,0.172,0.102,0.469,0.852,-1.824,3.707,5.097
186.654,-1.295,3.416,6.629,0.148,0.078,0.477,0.859,-1.743,3.712,5.090
186.756,-1.292,3.416,6.623,0.133,0.063,0.453,0.875,-1.675,3.697,5.089
186.857,-1.292,3.416,6.623,0.133,0.063,0.453,0.875,-1.637,3.673,5.092
186.958,-1.289,3.416,6.619,0.117,0.055,0.430,0.883,-1.616,3.660,5.090
187.059,-1.289,3.416,6.619,0.117,0.055,0.430,0.883,-1.606,3.673,5.091
187.161,-1.289,3.416,6.619,0.117,0.055,0.430,0.883,-1.593,3.682,5.092
187.263,-1.288,3.413,6.614,0.117,0.047,0.406,0.898,-1.575,3.691,5.088
187.364,-1.288,3.413,6.614,0.117,0.047,0.406,0.898,-1.538,3.729,5.088
187.465,-1.282,3.418,6.615,0.133,0.008,0.352,0.922,-1.460,3.811,5.087
187.567,-1.278,3.422,6.616,0.141,0.000,0.328,0.930,-1.375,3.880,5.088
187.668,-1.269,3.431,6.618,0.148,-0.031,0.273,0.945,-1.308,3.930,5.088
187.770,-1.264,3.437,6.619,0.156,-0.047,0.250,0.953,-1.240,3.979,5.088
187.872,-1.264,3.437,6.619,0.156,-0.047,0.250,0.953,-1.200,4.003,5.087
187.973,-1.260,3.443,6.621,0.164,-0.055,0.219,0.953,-1.140,4.053,5.085
188.076,-1.256,3.449,6.624,0.172,-0.070,0.188,0.961,-1.072,4.100,5.085
188.179,-1.252,3.453,6.627,0.180,-0.086,0.156,0.961,-1.027,4.121,5.086
188.283,-1.247,3.459,6.629,0.188,-0.094,0.125,0.961,-0.995,4.133,5.087
188.386,-1.243,3.464,6.631,0.188,-0.102,0.094,0.969,-0.958,4.144,5.088
188.488,-1.243,3.464,6.631,0.188,-0.102,0.094,0.969,-0.970,4.035,5.359
188.589,-1.239,3.469,6.634,0.195,-0.117,0.063,0.969,-0.952,4.017,5.422
188.691,-1.239,3.469,6.634,0.195,-0.117,0.063,0.969,-0.945,4.012,5.438
188.793,-1.239,3.469,6.634,0.195,-0.117,0.063,0.969,-0.945,4.011,5.438
188.896,-1.239,3.469,6.634,0.195,-0.117,0.063,0.969,-0.947,4.013,5.435
188.998,-1.239,3.469,6.634,0.195,-0.117,0.063,0.969,-0.951,4.020,5.429
189.100,-1.239,3.469,6.634,0.195,-0.117,0.063,0.969,-0.955,4.027,5.421
189.202,-1.239,3.469,6.634,0.195,-0.117,0.063,0.969,-0.957,4.035,5.412
189.304,-1.239,3.469,6.634,0.195,-0.117,0.063,0.969,-0.960,4.039,5.412
189.406,-1.239,3.469,6.634,0.195,-0.117,0.063,0.969,-0.963,4.043,5.411
189.507,-1.239,3.469,6.634,0.195,-0.117,0.063,0.969,-0.964,4.046,5.409
189.608,-1.239,3.469,6.634,0.195,-0.117,0.063,0.969,-0.964,4.048,5.409
189.711,-1.239,3.469,6.634,0.195,-0.117,0.063,0.969,-0.964,4.049,5.413
189.814,-1.239,3.469,6.634,0.195,-0.117,0.063,0.969,-0.969,4.056,5.415
189.916,-1.239,3.469,6.634,0.195,-0.117,0.063,0.969,-0.998,4.066,5.424
190.018,-1.245,3.458,6.643,0.219,-0.094,0.078,0.961,-1.059,4.095,5.409
190.119,-1.250,3.455,6.646,0.227,-0.078,0.102,0.961,-1.159,4.139,5.388
190.222,-1.260,3.450,6.652,0.242,-0.039,0.156,0.953,-1.300,4.329,5.089
190.324,-1.270,3.444,6.657,0.258,0.000,0.211,0.938,-1.484,4.334,5.087
190.426,-1.275,3.440,6.659,0.258,0.008,0.234,0.930,-1.546,4.324,5.088
190.527,-1.275,3.440,6.659,0.258,0.008,0.234,0.930,-1.497,4.323,5.089
190.629,-1.267,3.438,6.658,0.258,-0.008,0.219,0.938,-1.386,4.209,5.364
190.731,-1.254,3.439,6.663,0.281,-0.039,0.156,0.938,-1.240,4.408,5.223
190.832,-1.239,3.439,6.668,0.297,-0.070,0.086,0.938,-1.094,4.256,5.567
190.933,-1.231,3.440,6.671,0.313,-0.086,0.055,0.938,-1.011,4.311,5.568
191.034,-1.224,3.440,6.675,0.320,-0.094,0.023,0.938,-0.972,4.369,5.570
191.136,-1.215,3.440,6.682,0.344,-0.094,0.000,0.930,-0.943,4.411,5.579
191.239,-1.215,3.440,6.682,0.344,-0.094,0.000,0.930,-0.817,4.795,5.267
191.341,-1.208,3.441,6.686,0.367,-0.102,-0.008,0.922,-0.898,4.493,5.697
191.442,-1.202,3.446,6.694,0.422,-0.102,-0.023,0.891,-0.920,4.527,5.870
191.544,-1.203,3.454,6.708,0.484,-0.078,-0.008,0.867,-0.998,4.593,6.017
191.645,-1.207,3.462,6.723,0.531,-0.047,0.008,0.836,-1.106,4.891,6.082
191.747,-1.209,3.465,6.732,0.563,-0.031,0.016,0.820,-1.202,4.895,6.242
191.849,-1.211,3.469,6.739,0.586,-0.016,0.023,0.805,-1.292,4.978,6.310
191.952,-1.215,3.475,6.746,0.602,0.000,0.047,0.789,-1.361,5.042,6.380
192.053,-1.229,3.497,6.766,0.641,0.008,0.078,0.758,-1.431,5.034,6.495
192.154,-1.240,3.510,6.779,0.656,0.008,0.109,0.742,-1.517,5.044,6.588
192.255,-1.269,3.528,6.802,0.688,0.000,0.164,0.703,-1.643,5.012,6.732
192.356,-1.292,3.541,6.815,0.703,0.000,0.219,0.664,-1.814,4.953,6.854
192.457,-1.334,3.562,6.832,0.719,-0.008,0.320,0.609,-2.064,4.875,6.897
192.558,-1.410,3.590,6.824,0.703,-0.008,0.461,0.531,-2.413,4.784,6.826
192.659,-1.462,3.610,6.794,0.680,-0.031,0.516,0.508,-2.519,4.746,6.679
192.761,-1.508,3.637,6.751,0.641,-0.070,0.563,0.500,-2.479,4.752,6.519
192.863,-1.530,3.659,6.724,0.625,-0.102,0.570,0.500,-2.400,4.764,6.449
192.964,-1.562,3.722,6.677,0.594,-0.133,0.602,0.500,-2.373,4.791,6.323
193.065,-1.572,3.763,6.659,0.563,-0.141,0.617,0.516,-2.310,4.763,6.205
193.167,-1.585,3.853,6.632,0.523,-0.102,0.656,0.523,-2.154,4.491,6.201
193.269,-1.591,3.920,6.615,0.484,-0.055,0.688,0.531,-2.159,4.483,6.117
193.372,-1.590,3.962,6.607,0.453,-0.070,0.688,0.547,-2.110,4.528,6.077
193.474,-1.580,3.984,6.606,0.438,-0.094,0.688,0.563,-2.048,4.574,6.045
193.575,-1.580,3.984,6.606,0.438,-0.094,0.688,0.563,-2.019,4.593,6.043
193.677,-1.538,4.005,6.604,0.430,-0.117,0.688,0.555,-1.969,4.625,6.057
193.778,-1.502,4.023,6.593,0.422,-0.148,0.695,0.539,-1.947,4.639,6.063
193.880,-1.482,4.041,6.580,0.406,-0.180,0.703,0.539,-1.835,4.695,6.024
193.987,-1.467,4.063,6.565,0.383,-0.203,0.711,0.547,-1.756,4.730,5.991
194.088,-1.448,4.097,6.537,0.352,-0.250,0.703,0.555,-1.588,4.796,5.990
194.190,-1.435,4.125,6.509,0.320,-0.313,0.680,0.570,-1.457,4.838,6.017
194.292,-1.417,4.161,6.477,0.289,-0.375,0.656,0.578,-1.366,4.870,6.018
194.394,-1.417,4.161,6.477,0.289,-0.375,0.656,0.578,-1.331,4.856,6.007
194.496,-1.403,4.196,6.459,0.266,-0.383,0.648,0.594,-1.289,4.879,5.954
194.598,-1.391,4.220,6.446,0.242,-0.367,0.648,0.609,-1.279,4.891,5.927
194.699,-1.391,4.220,6.446,0.242,-0.367,0.648,0.609,-1.273,4.885,5.936
194.800,-1.391,4.220,6.446,0.242,-0.367,0.648,0.609,-1.251,4.887,5.954
194.901,-1.391,4.220,6.446,0.242,-0.367,0.648,0.609,-1.251,4.889,5.960
195.004,-1.391,4.220,6.446,0.242,-0.367,0.648,0.609,-1.265,4.889,5.952
195.106,-1.391,4.220,6.446,0.242,-0.367,0.648,0.609,-1.280,4.887,5.935
195.214,-1.391,4.220,6.446,0.242,-0.367,0.648,0.609,-1.289,4.888,5.926
195.316,-1.391,4.220,6.446,0.242,-0.367,0.648,0.609,-1.300,4.886,5.915
195.417,-1.391,4.220,6.446,0.242,-0.367,0.648,0.609,-1.310,4.883,5.897
195.518,-1.388,4.227,6.420,0.250,-0.336,0.656,0.617,-1.317,4.888,5.859
